person_id,PUMA,TRACT,household_id,per_num,age,SCH,SCHG,sex,INDP,OCCP,FDPHYP,COW,WKHP,ESR,perid,ptype,pstudent,pemploy,TAZ,age_16_to_19,age_16_p,adult,male,female,has_non_worker,has_retiree,has_preschool_kid,has_driving_kid,has_school_kid,has_full_time,has_part_time,has_university,student_is_employed,nonstudent_to_school,is_student,is_gradeschool,is_highschool,is_university,school_segment,is_worker,home_taz,value_of_time,school_taz,distance_to_school,roundtrip_auto_time_to_school,workplace_taz,distance_to_work,workplace_in_cbd,work_taz_area_type,roundtrip_auto_time_to_work,work_auto_savings,work_auto_savings_ratio,free_parking_at_work,cdap_activity,cdap_rank,travel_active,under16_not_at_school,has_preschool_kid_at_home,has_school_kid_at_home,mandatory_tour_frequency,work_and_school_and_worker,work_and_school_and_student,num_mand,num_work_tours,num_joint_tours,non_mandatory_tour_frequency,num_non_mand,num_escort_tours,num_eatout_tours,num_shop_tours,num_maint_tours,num_discr_tours,num_social_tours,num_non_escort_tours
2061357,49003,49049001900,698493,1,22,1,NA,2,3980,8910,0,1,NA,6,2061357,4,3,3,2394,FALSE,TRUE,TRUE,FALSE,TRUE,FALSE,FALSE,TRUE,FALSE,FALSE,TRUE,FALSE,TRUE,FALSE,FALSE,FALSE,FALSE,FALSE,FALSE,0,FALSE,2394,3.5646134231709907,-1,NA,0,-1,NA,FALSE,NA,0,0,0,FALSE,N,2,TRUE,FALSE,FALSE,FALSE,NA,FALSE,FALSE,0,0,0,3,2,0,0,0,0,1,1,2
2123280,49003,49049002802,717341,3,13,2,9,2,NA,NA,0,NA,NA,NA,2123280,7,1,4,2467,FALSE,FALSE,FALSE,FALSE,TRUE,FALSE,FALSE,FALSE,TRUE,FALSE,TRUE,FALSE,FALSE,FALSE,FALSE,TRUE,TRUE,FALSE,FALSE,1,FALSE,2467,11.38951967986569,2775,13.37,39.21,-1,NA,FALSE,NA,0,0,0,FALSE,N,2,TRUE,TRUE,FALSE,FALSE,NA,FALSE,FALSE,0,0,0,4,1,0,1,0,0,0,0,1
1787429,49002,49049001300,618240,2,28,1,NA,2,7890,2720,0,1,20,1,1787429,2,3,2,2337,FALSE,TRUE,TRUE,FALSE,TRUE,FALSE,FALSE,FALSE,FALSE,FALSE,TRUE,FALSE,FALSE,FALSE,FALSE,FALSE,FALSE,FALSE,FALSE,0,TRUE,2337,7.334784570195943,-1,NA,0,2399,1.95,FALSE,4,10.530001,-9.582801,-0.07985667,FALSE,M,1,TRUE,FALSE,FALSE,FALSE,work1,FALSE,FALSE,1,1,0,1,1,0,0,0,0,1,0,1
2035137,49003,49049001603,690436,2,25,3,15,1,5170,4760,0,1,20,1,2035137,3,2,2,2366,FALSE,TRUE,TRUE,TRUE,FALSE,FALSE,FALSE,FALSE,FALSE,FALSE,FALSE,TRUE,TRUE,TRUE,FALSE,TRUE,FALSE,FALSE,TRUE,3,TRUE,2366,3.486109914755296,2370,0.61,4.88,2370,0.61,FALSE,4,4.88,-4.3208003,-0.03600667,FALSE,M,2,TRUE,FALSE,FALSE,FALSE,work1,FALSE,FALSE,1,1,0,0,0,0,0,0,0,0,0,0
2066967,49003,49049002000,700625,1,21,3,15,1,4795,4760,0,1,25,1,2066967,3,2,2,2396,FALSE,TRUE,TRUE,TRUE,FALSE,FALSE,FALSE,FALSE,FALSE,FALSE,FALSE,FALSE,FALSE,TRUE,FALSE,TRUE,FALSE,FALSE,TRUE,3,TRUE,2396,2.4000971681286467,2370,1.78,11,2464,2.42,FALSE,4,12.889999,-11.753799,-0.09794833,TRUE,M,1,TRUE,FALSE,FALSE,FALSE,work_and_school,TRUE,TRUE,2,1,0,0,0,0,0,0,0,0,0,0
1784325,49002,49049001300,617003,2,28,1,NA,2,7070,4920,0,1,25,1,1784325,2,3,2,2324,FALSE,TRUE,TRUE,FALSE,TRUE,FALSE,FALSE,FALSE,FALSE,FALSE,TRUE,FALSE,FALSE,FALSE,FALSE,FALSE,FALSE,FALSE,FALSE,0,TRUE,2324,3.0950800742245144,-1,NA,0,2392,2.35,FALSE,4,12.66,81.34,0.6778333,FALSE,M,1,TRUE,FALSE,FALSE,FALSE,work1,FALSE,FALSE,1,1,0,1,2,0,0,0,0,2,0,2
2107905,49003,49049002701,712699,1,53,1,NA,1,7380,1020,0,2,40,1,2107905,1,3,1,2449,FALSE,TRUE,TRUE,TRUE,FALSE,TRUE,FALSE,FALSE,TRUE,FALSE,TRUE,FALSE,FALSE,FALSE,FALSE,FALSE,FALSE,FALSE,FALSE,0,TRUE,2449,14.48251783683707,-1,NA,0,2349,3.36,FALSE,3,15.79,-14.434,-0.120283335,TRUE,M,2,TRUE,FALSE,FALSE,FALSE,work1,FALSE,FALSE,1,1,0,0,0,0,0,0,0,0,0,0
2076751,49003,49049002102,703506,3,25,1,NA,1,7970,230,0,1,40,1,2076751,1,3,1,2390,FALSE,TRUE,TRUE,TRUE,FALSE,FALSE,FALSE,FALSE,FALSE,TRUE,TRUE,TRUE,TRUE,FALSE,FALSE,FALSE,FALSE,FALSE,FALSE,0,TRUE,2390,4.730376695779039,-1,NA,0,2397,0.79,FALSE,4,7.14,-6.4916,-0.054096665,TRUE,M,5,TRUE,FALSE,FALSE,FALSE,work1,FALSE,FALSE,1,1,0,0,0,0,0,0,0,0,0,0
2102209,49003,49049002400,710694,1,23,1,NA,2,6290,5240,0,1,39,1,2102209,1,3,1,2406,FALSE,TRUE,TRUE,FALSE,TRUE,TRUE,FALSE,FALSE,FALSE,FALSE,FALSE,FALSE,FALSE,FALSE,FALSE,FALSE,FALSE,FALSE,FALSE,0,TRUE,2406,5.422666310588525,-1,NA,0,2406,0.11,FALSE,4,0.68,3.72,0.031,FALSE,M,1,TRUE,FALSE,FALSE,FALSE,work1,FALSE,FALSE,1,1,0,0,0,0,0,0,0,0,0,0
2074128,49003,49049002101,702680,2,77,1,NA,1,NA,NA,0,NA,NA,6,2074128,5,3,3,2388,FALSE,TRUE,TRUE,TRUE,FALSE,FALSE,TRUE,FALSE,FALSE,FALSE,FALSE,FALSE,FALSE,FALSE,FALSE,FALSE,FALSE,FALSE,FALSE,0,FALSE,2388,1.9435203045455733,-1,NA,0,-1,NA,FALSE,NA,0,0,0,FALSE,N,2,TRUE,FALSE,FALSE,FALSE,NA,FALSE,FALSE,0,0,0,1,2,0,0,0,0,2,0,2
2030724,49003,49049001601,689055,2,20,2,15,1,8680,4060,0,1,NA,6,2030724,3,2,3,2363,FALSE,TRUE,TRUE,TRUE,FALSE,TRUE,FALSE,FALSE,FALSE,FALSE,FALSE,TRUE,TRUE,FALSE,FALSE,TRUE,FALSE,FALSE,TRUE,3,FALSE,2363,1.7641638347049202,2370,0.75,5.59,-1,NA,FALSE,NA,0,0,0,FALSE,M,2,TRUE,FALSE,FALSE,FALSE,school1,FALSE,FALSE,1,0,0,0,0,0,0,0,0,0,0,0
2115149,49003,49049002702,714843,1,22,2,15,1,4870,6440,0,1,39,1,2115149,3,2,1,2463,FALSE,TRUE,TRUE,TRUE,FALSE,FALSE,FALSE,TRUE,FALSE,FALSE,TRUE,FALSE,TRUE,TRUE,FALSE,TRUE,FALSE,FALSE,TRUE,3,TRUE,2463,7.591161706331843,2370,2.77,13.59,2393,3.01,FALSE,4,15.8,-14.467401,-0.120561674,TRUE,M,2,TRUE,FALSE,FALSE,FALSE,work1,FALSE,FALSE,1,1,0,0,0,0,0,0,0,0,0,0
2100171,49003,49049002300,709971,8,8,2,5,1,NA,NA,0,NA,NA,NA,2100171,7,1,4,2437,FALSE,FALSE,FALSE,TRUE,FALSE,TRUE,TRUE,FALSE,TRUE,TRUE,TRUE,TRUE,FALSE,FALSE,FALSE,TRUE,TRUE,FALSE,FALSE,1,FALSE,2437,6.622813971981704,2374,1.56,9.74,-1,NA,FALSE,NA,0,0,0,FALSE,M,9,TRUE,FALSE,FALSE,FALSE,school1,FALSE,FALSE,1,0,0,0,0,0,0,0,0,0,0,0
2007544,49003,49049001401,682303,6,2,NA,NA,1,NA,NA,0,NA,NA,NA,2007544,8,1,4,2349,FALSE,FALSE,FALSE,TRUE,FALSE,TRUE,FALSE,FALSE,TRUE,TRUE,FALSE,FALSE,FALSE,FALSE,FALSE,TRUE,TRUE,FALSE,FALSE,1,FALSE,2349,5.756444464222821,2375,2.55,12.96,-1,NA,FALSE,NA,0,0,0,FALSE,M,4,TRUE,FALSE,FALSE,FALSE,school1,FALSE,FALSE,1,0,0,0,0,0,0,0,0,0,0,0
2067145,49003,49049002000,700696,2,48,1,NA,1,7870,2430,1,2,40,1,2067145,1,3,1,2397,FALSE,TRUE,TRUE,TRUE,FALSE,FALSE,TRUE,FALSE,FALSE,FALSE,TRUE,FALSE,TRUE,FALSE,FALSE,FALSE,FALSE,FALSE,FALSE,0,TRUE,2397,2.1547216443910227,-1,NA,0,2361,0.89,FALSE,4,5.44,-4.6358004,-0.03863167,FALSE,M,1,TRUE,FALSE,FALSE,FALSE,work1,FALSE,FALSE,1,1,0,0,0,0,0,0,0,0,0,0
2098736,49003,49049002300,709511,6,6,2,2,1,NA,NA,1,NA,NA,NA,2098736,7,1,4,2434,FALSE,FALSE,FALSE,TRUE,FALSE,FALSE,FALSE,FALSE,TRUE,TRUE,TRUE,FALSE,FALSE,FALSE,FALSE,TRUE,TRUE,FALSE,FALSE,1,FALSE,2434,20.85542463712887,2429,0.76,5.76,-1,NA,FALSE,NA,0,0,0,FALSE,M,6,TRUE,FALSE,FALSE,FALSE,school1,FALSE,FALSE,1,0,0,1,1,0,0,0,0,1,0,1
2065776,49003,49049002000,700304,4,24,3,15,1,770,6200,0,1,40,1,2065776,3,2,1,2396,FALSE,TRUE,TRUE,TRUE,FALSE,FALSE,FALSE,FALSE,FALSE,FALSE,TRUE,TRUE,TRUE,TRUE,FALSE,TRUE,FALSE,FALSE,TRUE,3,TRUE,2396,1.801895653197172,2370,1.78,11,2377,2.35,FALSE,4,12.440001,-10.954,-0.09128334,TRUE,M,4,TRUE,FALSE,FALSE,FALSE,work_and_school,TRUE,TRUE,2,1,0,0,0,0,0,0,0,0,0,0
2030438,49003,49049001601,688887,2,23,2,15,2,7860,2330,0,2,29,2,2030438,3,2,2,2356,FALSE,TRUE,TRUE,FALSE,TRUE,FALSE,FALSE,FALSE,FALSE,FALSE,FALSE,FALSE,TRUE,TRUE,FALSE,TRUE,FALSE,FALSE,TRUE,3,TRUE,2356,1.747972690999885,2370,1.02,6.74,2353,0.59,FALSE,3,4.04,-3.5005999,-0.029171666,FALSE,N,2,TRUE,FALSE,FALSE,FALSE,NA,FALSE,FALSE,0,0,0,20,2,0,1,1,0,0,0,2
2111032,49003,49049002701,713612,1,42,1,NA,1,9160,100,0,2,50,1,2111032,1,3,1,2454,FALSE,TRUE,TRUE,TRUE,FALSE,TRUE,FALSE,TRUE,TRUE,TRUE,FALSE,FALSE,FALSE,FALSE,FALSE,FALSE,FALSE,FALSE,FALSE,0,TRUE,2454,7.039589024552122,-1,NA,0,2406,1.83,FALSE,4,10.96,-10.01,-0.08341667,TRUE,M,1,TRUE,FALSE,TRUE,FALSE,work1,FALSE,FALSE,1,1,0,0,0,0,0,0,0,0,0,0
2037750,49003,49049001701,691390,7,77,1,NA,2,NA,NA,1,NA,NA,6,2037750,5,3,3,2371,FALSE,TRUE,TRUE,FALSE,TRUE,FALSE,TRUE,FALSE,FALSE,FALSE,TRUE,FALSE,TRUE,FALSE,FALSE,FALSE,FALSE,FALSE,FALSE,0,FALSE,2371,6.80967200025936,-1,NA,0,-1,NA,FALSE,NA,0,0,0,FALSE,N,5,TRUE,FALSE,FALSE,FALSE,NA,FALSE,FALSE,0,0,0,8,1,0,0,0,1,0,0,1
1752258,49002,49049001001,606527,5,2,NA,NA,2,NA,NA,0,NA,NA,NA,1752258,8,1,4,2319,FALSE,FALSE,FALSE,FALSE,TRUE,FALSE,FALSE,TRUE,FALSE,TRUE,TRUE,FALSE,FALSE,FALSE,FALSE,TRUE,TRUE,FALSE,FALSE,1,FALSE,2319,2.113705165810988,2351,1.97,11.08,-1,NA,FALSE,NA,0,0,0,FALSE,M,3,TRUE,FALSE,FALSE,FALSE,school1,FALSE,FALSE,1,0,0,0,0,0,0,0,0,0,0,0
1785187,49002,49049001300,617472,3,69,1,NA,2,NA,NA,0,NA,NA,6,1785187,5,3,3,2326,FALSE,TRUE,TRUE,FALSE,TRUE,FALSE,TRUE,FALSE,FALSE,FALSE,FALSE,FALSE,FALSE,FALSE,FALSE,FALSE,FALSE,FALSE,FALSE,0,FALSE,2326,23.160339865082666,-1,NA,0,-1,NA,FALSE,NA,0,0,0,FALSE,N,1,TRUE,FALSE,FALSE,FALSE,NA,FALSE,FALSE,0,0,0,1,1,0,0,0,0,1,0,1
2077927,49003,49049002102,703845,3,16,2,12,1,NA,NA,0,NA,NA,6,2077927,6,1,3,2391,TRUE,TRUE,FALSE,TRUE,FALSE,FALSE,FALSE,TRUE,FALSE,FALSE,TRUE,FALSE,FALSE,FALSE,FALSE,TRUE,FALSE,TRUE,FALSE,2,FALSE,2391,0.667,2394,0.76,6.56,-1,NA,FALSE,NA,0,0,0,FALSE,M,4,TRUE,FALSE,FALSE,FALSE,school1,FALSE,FALSE,1,0,0,2,1,0,0,0,0,0,1,1
2009959,49003,49049001402,683035,3,16,2,12,2,8680,4150,0,1,20,1,2009959,6,1,2,2358,TRUE,TRUE,FALSE,FALSE,TRUE,FALSE,FALSE,FALSE,FALSE,TRUE,TRUE,TRUE,FALSE,TRUE,FALSE,TRUE,FALSE,TRUE,FALSE,2,TRUE,2358,2.831840620544419,2394,1.04,6.6,2382,1.9,FALSE,4,10.8,65.2,0.5433333,FALSE,M,5,TRUE,FALSE,FALSE,FALSE,work_and_school,TRUE,TRUE,2,1,0,32,1,1,0,0,0,0,0,0
2100060,49003,49049002300,709954,1,28,1,NA,2,8680,4110,0,1,20,2,2100060,2,3,2,2437,FALSE,TRUE,TRUE,FALSE,TRUE,TRUE,FALSE,TRUE,FALSE,FALSE,TRUE,FALSE,FALSE,FALSE,FALSE,FALSE,FALSE,FALSE,FALSE,0,TRUE,2437,25.0150645806374,-1,NA,0,2393,1.41,FALSE,4,7.38,-6.5832,-0.05486,FALSE,M,2,TRUE,FALSE,FALSE,FALSE,work1,FALSE,FALSE,1,1,1,0,0,0,1,0,0,0,0,0
2041435,49003,49049001702,692409,2,17,2,14,1,NA,NA,0,NA,NA,6,2041435,6,1,3,2376,TRUE,TRUE,FALSE,TRUE,FALSE,TRUE,FALSE,TRUE,FALSE,TRUE,FALSE,FALSE,FALSE,FALSE,FALSE,TRUE,FALSE,TRUE,FALSE,2,FALSE,2376,2.6272157650974695,2394,1.15,7.3900003,-1,NA,FALSE,NA,0,0,0,FALSE,M,3,TRUE,FALSE,FALSE,TRUE,school1,FALSE,FALSE,1,0,0,0,0,0,0,0,0,0,0,0
2109861,49003,49049002701,713225,6,11,2,8,2,NA,NA,0,NA,NA,NA,2109861,7,1,4,2453,FALSE,FALSE,FALSE,FALSE,TRUE,TRUE,FALSE,FALSE,FALSE,TRUE,TRUE,FALSE,TRUE,FALSE,FALSE,TRUE,TRUE,FALSE,FALSE,1,FALSE,2453,17.405432231608955,2373,1.42,8.9,-1,NA,FALSE,NA,0,0,0,FALSE,M,2,TRUE,FALSE,FALSE,FALSE,school2,FALSE,FALSE,2,0,0,0,0,0,0,0,0,0,0,0
2084194,49003,49049002204,705608,2,25,2,15,1,4670,8810,0,1,40,1,2084194,3,2,1,2413,FALSE,TRUE,TRUE,TRUE,FALSE,FALSE,FALSE,FALSE,FALSE,FALSE,TRUE,FALSE,TRUE,TRUE,FALSE,TRUE,FALSE,FALSE,TRUE,3,TRUE,2413,25.858728102908113,2370,2.9,14.700001,2391,1.41,FALSE,4,7.1,-6.4435997,-0.053696666,TRUE,N,2,TRUE,FALSE,FALSE,FALSE,NA,FALSE,FALSE,0,0,0,8,1,0,0,0,1,0,0,1
2027286,49003,49049001504,688010,3,22,3,15,1,4795,1430,0,1,20,1,2027286,3,2,2,2365,FALSE,TRUE,TRUE,TRUE,FALSE,TRUE,TRUE,FALSE,FALSE,TRUE,TRUE,FALSE,FALSE,TRUE,FALSE,TRUE,FALSE,FALSE,TRUE,3,TRUE,2365,6.253388560084142,2370,0.62,4.82,2370,0.62,FALSE,4,4.82,-4.1996,-0.03499667,TRUE,N,3,TRUE,FALSE,FALSE,FALSE,NA,FALSE,FALSE,0,0,1,32,1,1,0,0,0,0,0,0
2019158,49003,49049001501,685816,1,21,2,15,2,8370,5240,0,3,27,1,2019158,3,2,2,2348,FALSE,TRUE,TRUE,FALSE,TRUE,FALSE,FALSE,FALSE,FALSE,FALSE,TRUE,FALSE,TRUE,TRUE,FALSE,TRUE,FALSE,FALSE,TRUE,3,TRUE,2348,14.597900565941039,2370,2.56,12.91,2318,2.48,FALSE,4,14.04,85.16,0.70966667,FALSE,M,1,TRUE,FALSE,FALSE,FALSE,work1,FALSE,FALSE,1,1,0,0,0,0,0,0,0,0,0,0
2092109,49003,49049002206,707792,4,51,1,NA,2,5070,8830,0,1,40,1,2092109,1,3,1,2423,FALSE,TRUE,TRUE,FALSE,TRUE,FALSE,TRUE,FALSE,TRUE,FALSE,TRUE,FALSE,FALSE,FALSE,FALSE,FALSE,FALSE,FALSE,FALSE,0,TRUE,2423,7.4090641489547036,-1,NA,0,2464,1.91,FALSE,4,10.75,-9.613,-0.08010833,TRUE,M,2,TRUE,FALSE,FALSE,FALSE,work1,FALSE,FALSE,1,1,0,0,0,0,0,0,0,0,0,0
2043655,49003,49049001702,693197,1,49,1,NA,2,4380,5400,0,1,60,1,2043655,1,3,1,2381,FALSE,TRUE,TRUE,FALSE,TRUE,FALSE,FALSE,FALSE,FALSE,TRUE,TRUE,TRUE,TRUE,FALSE,FALSE,FALSE,FALSE,FALSE,FALSE,0,TRUE,2381,4.734047234122406,-1,NA,0,2370,1.01,FALSE,4,6.08,-5.4304,-0.045253333,FALSE,M,2,TRUE,FALSE,FALSE,FALSE,work1,FALSE,FALSE,1,1,1,0,0,0,0,0,1,0,0,0
2006787,49003,49049001401,682185,4,24,2,15,2,8180,3300,0,1,NA,6,2006787,3,2,3,2349,FALSE,TRUE,TRUE,FALSE,TRUE,FALSE,FALSE,FALSE,FALSE,FALSE,TRUE,TRUE,FALSE,FALSE,FALSE,TRUE,FALSE,FALSE,TRUE,3,FALSE,2349,14.166418038707294,2370,2.04,10.65,-1,NA,FALSE,NA,0,0,0,FALSE,M,3,TRUE,FALSE,FALSE,FALSE,school1,FALSE,FALSE,1,0,0,0,0,0,0,0,0,0,0,0
2044350,49003,49049001702,693345,2,24,1,NA,1,NA,NA,0,NA,NA,6,2044350,4,3,3,2381,FALSE,TRUE,TRUE,TRUE,FALSE,FALSE,FALSE,FALSE,FALSE,FALSE,TRUE,FALSE,TRUE,FALSE,FALSE,FALSE,FALSE,FALSE,FALSE,0,FALSE,2381,3.6401908129434486,-1,NA,0,-1,NA,FALSE,NA,0,0,0,FALSE,N,2,TRUE,FALSE,FALSE,FALSE,NA,FALSE,FALSE,0,0,0,24,2,0,0,1,1,0,0,2
2073109,49003,49049002101,702448,1,67,1,NA,1,9470,2100,0,4,50,1,2073109,1,3,1,2388,FALSE,TRUE,TRUE,TRUE,FALSE,FALSE,FALSE,FALSE,FALSE,FALSE,TRUE,TRUE,TRUE,FALSE,FALSE,FALSE,FALSE,FALSE,FALSE,0,TRUE,2388,15.494269302543609,-1,NA,0,2318,2.59,FALSE,4,12.8,90.799995,0.7566666,TRUE,M,2,TRUE,FALSE,FALSE,FALSE,work1,FALSE,FALSE,1,1,0,4,1,0,1,0,0,0,0,1
2036768,49003,49049001701,691030,3,14,2,11,1,NA,NA,0,NA,NA,NA,2036768,7,1,4,2367,FALSE,FALSE,FALSE,TRUE,FALSE,TRUE,FALSE,TRUE,TRUE,TRUE,FALSE,FALSE,FALSE,FALSE,FALSE,TRUE,TRUE,FALSE,FALSE,1,FALSE,2367,0.667,2366,0.44,6.8500004,-1,NA,FALSE,NA,0,0,0,FALSE,M,2,TRUE,FALSE,FALSE,FALSE,school1,FALSE,FALSE,1,0,0,0,0,0,0,0,0,0,0,0
1786805,49002,49049001300,618041,2,31,1,NA,1,3390,1410,0,1,50,1,1786805,1,3,1,2337,FALSE,TRUE,TRUE,TRUE,FALSE,TRUE,FALSE,TRUE,FALSE,FALSE,FALSE,FALSE,FALSE,FALSE,FALSE,FALSE,FALSE,FALSE,FALSE,0,TRUE,2337,2.532997695799558,-1,NA,0,2370,1.99,FALSE,4,11.5,-10.5586,-0.08798834,TRUE,M,1,TRUE,FALSE,FALSE,FALSE,work1,FALSE,FALSE,1,1,0,0,0,0,0,0,0,0,0,0
2089078,49003,49049002205,706978,1,24,2,15,1,7870,9720,0,4,25,1,2089078,3,2,2,2418,FALSE,TRUE,TRUE,TRUE,FALSE,TRUE,FALSE,FALSE,FALSE,FALSE,FALSE,FALSE,FALSE,TRUE,FALSE,TRUE,FALSE,FALSE,TRUE,3,TRUE,2418,1.0888984990208848,2370,2.56,16.5,2391,1.21,FALSE,4,9.01,-8.188,-0.06823333,FALSE,M,1,TRUE,FALSE,FALSE,FALSE,work1,FALSE,FALSE,1,1,1,0,0,0,0,1,0,0,0,0
2083617,49003,49049002204,705472,4,18,2,14,1,8680,4720,0,1,20,1,2083617,3,2,2,2413,TRUE,TRUE,TRUE,TRUE,FALSE,FALSE,FALSE,FALSE,FALSE,FALSE,TRUE,TRUE,TRUE,TRUE,FALSE,TRUE,FALSE,FALSE,TRUE,3,TRUE,2413,20.028586451677032,2312,2.49,17.77,2474,5.87,FALSE,3,19.130001,-17.242,-0.14368334,TRUE,M,3,TRUE,FALSE,FALSE,FALSE,work1,FALSE,FALSE,1,1,0,0,0,0,0,0,0,0,0,0
2089755,49003,49049002206,707144,3,26,1,NA,2,6870,5160,0,1,NA,6,2089755,4,3,3,2421,FALSE,TRUE,TRUE,FALSE,TRUE,TRUE,FALSE,TRUE,TRUE,TRUE,TRUE,TRUE,TRUE,FALSE,FALSE,FALSE,FALSE,FALSE,FALSE,0,FALSE,2421,25.062488504128822,-1,NA,0,-1,NA,FALSE,NA,0,0,0,FALSE,N,12,TRUE,FALSE,TRUE,FALSE,NA,FALSE,FALSE,0,0,0,1,1,0,0,0,0,1,0,1
2085208,49003,49049002205,705836,1,42,1,NA,1,6380,5510,1,1,47,1,2085208,1,3,1,2414,FALSE,TRUE,TRUE,TRUE,FALSE,FALSE,FALSE,FALSE,TRUE,TRUE,TRUE,FALSE,FALSE,FALSE,FALSE,FALSE,FALSE,FALSE,FALSE,0,TRUE,2414,10.070949704352602,-1,NA,0,2392,1.83,FALSE,4,9.56,-8.7566,-0.07297167,TRUE,M,2,TRUE,FALSE,FALSE,TRUE,work1,FALSE,FALSE,1,1,0,0,0,0,0,0,0,0,0,0
2107270,49003,49049002500,712441,7,52,1,NA,2,NA,NA,0,NA,NA,6,2107270,4,3,3,2452,FALSE,TRUE,TRUE,FALSE,TRUE,TRUE,FALSE,TRUE,TRUE,TRUE,FALSE,FALSE,FALSE,FALSE,FALSE,FALSE,FALSE,FALSE,FALSE,0,FALSE,2452,6.961944531057819,-1,NA,0,-1,NA,FALSE,NA,0,0,0,FALSE,N,5,TRUE,FALSE,TRUE,FALSE,NA,FALSE,FALSE,0,0,0,64,2,2,0,0,0,0,0,0
2080793,49003,49049002204,704614,3,42,1,NA,2,NA,NA,0,NA,NA,6,2080793,4,3,3,2409,FALSE,TRUE,TRUE,FALSE,TRUE,FALSE,TRUE,FALSE,FALSE,FALSE,FALSE,FALSE,FALSE,FALSE,FALSE,FALSE,FALSE,FALSE,FALSE,0,FALSE,2409,2.7669426001977007,-1,NA,0,-1,NA,FALSE,NA,0,0,0,FALSE,N,1,TRUE,FALSE,FALSE,FALSE,NA,FALSE,FALSE,0,0,0,1,1,0,0,0,0,1,0,1
1781613,49002,49049001202,616065,1,54,1,NA,1,4170,1020,0,1,50,1,1781613,1,3,1,2335,FALSE,TRUE,TRUE,TRUE,FALSE,TRUE,FALSE,FALSE,TRUE,FALSE,FALSE,TRUE,FALSE,FALSE,FALSE,FALSE,FALSE,FALSE,FALSE,0,TRUE,2335,1.9344681817101657,-1,NA,0,2434,2.29,FALSE,4,12.48,79.119995,0.6593333,FALSE,M,1,TRUE,FALSE,FALSE,FALSE,work1,FALSE,FALSE,1,1,0,0,0,0,0,0,0,0,0,0
2086392,49003,49049002205,706235,1,22,3,15,2,7780,5240,0,1,30,1,2086392,3,2,1,2415,FALSE,TRUE,TRUE,FALSE,TRUE,FALSE,FALSE,FALSE,FALSE,FALSE,TRUE,FALSE,TRUE,TRUE,FALSE,TRUE,FALSE,FALSE,TRUE,3,TRUE,2415,1,2312,2.96,16.79,2283,4.23,FALSE,4,20.71,148.48999,1,FALSE,N,1,TRUE,FALSE,FALSE,FALSE,NA,FALSE,FALSE,0,0,0,4,1,0,1,0,0,0,0,1
2061934,49003,49049001900,698795,2,75,1,NA,2,NA,NA,0,NA,NA,6,2061934,5,3,3,2398,FALSE,TRUE,TRUE,FALSE,TRUE,FALSE,FALSE,FALSE,FALSE,FALSE,TRUE,TRUE,TRUE,FALSE,FALSE,FALSE,FALSE,FALSE,FALSE,0,FALSE,2398,45.15614174948194,-1,NA,0,-1,NA,FALSE,NA,0,0,0,FALSE,N,3,TRUE,FALSE,FALSE,FALSE,NA,FALSE,FALSE,0,0,0,25,4,0,0,2,1,1,0,4
2033488,49003,49049001602,689982,3,22,3,15,2,7870,2200,0,2,20,1,2033488,3,2,2,2364,FALSE,TRUE,TRUE,FALSE,TRUE,FALSE,FALSE,FALSE,FALSE,FALSE,TRUE,FALSE,TRUE,TRUE,FALSE,TRUE,FALSE,FALSE,TRUE,3,TRUE,2364,1.2910085093669563,2370,0.79,5.3,2349,1.32,FALSE,3,5.64,-5.007,-0.041725,FALSE,M,4,TRUE,FALSE,FALSE,FALSE,work_and_school,TRUE,TRUE,2,1,0,0,0,0,0,0,0,0,0,0
2099016,49003,49049002300,709577,3,0,NA,NA,1,NA,NA,0,NA,NA,NA,2099016,8,1,4,2434,FALSE,FALSE,FALSE,TRUE,FALSE,TRUE,FALSE,FALSE,FALSE,FALSE,FALSE,TRUE,TRUE,FALSE,FALSE,TRUE,TRUE,FALSE,FALSE,1,FALSE,2434,0.667,2435,0.39,2.82,-1,NA,FALSE,NA,0,0,0,FALSE,M,1,TRUE,FALSE,FALSE,FALSE,school1,FALSE,FALSE,1,0,0,64,2,2,0,0,0,0,0,0
2050724,49003,49049001801,695069,1,46,1,NA,2,NA,NA,0,NA,NA,6,2050724,4,3,3,2374,FALSE,TRUE,TRUE,FALSE,TRUE,TRUE,FALSE,FALSE,TRUE,FALSE,FALSE,FALSE,FALSE,FALSE,FALSE,FALSE,FALSE,FALSE,FALSE,0,FALSE,2374,1.7453545335070615,-1,NA,0,-1,NA,FALSE,NA,0,0,0,FALSE,N,2,TRUE,FALSE,FALSE,FALSE,NA,FALSE,FALSE,0,0,0,8,1,0,0,0,1,0,0,1
2016873,49003,49049001501,685149,2,64,1,NA,2,9480,2010,1,4,NA,6,2016873,4,3,3,2346,FALSE,TRUE,TRUE,FALSE,TRUE,FALSE,TRUE,FALSE,FALSE,FALSE,FALSE,FALSE,FALSE,FALSE,FALSE,FALSE,FALSE,FALSE,FALSE,0,FALSE,2346,2.317669645958409,-1,NA,0,-1,NA,FALSE,NA,0,0,0,FALSE,N,1,TRUE,FALSE,FALSE,FALSE,NA,FALSE,FALSE,0,0,0,8,1,0,0,0,1,0,0,1
2122611,49003,49049002802,717089,1,25,3,15,1,7270,5260,0,1,20,1,2122611,3,2,2,2456,FALSE,TRUE,TRUE,TRUE,FALSE,FALSE,FALSE,FALSE,FALSE,FALSE,FALSE,TRUE,TRUE,TRUE,FALSE,TRUE,FALSE,FALSE,TRUE,3,TRUE,2456,1.6795146494333006,2370,2.07,10.57,2457,0.63,FALSE,4,9.780001,-8.9862,-0.074885,FALSE,N,2,TRUE,FALSE,FALSE,FALSE,NA,FALSE,FALSE,0,0,0,17,2,0,0,1,0,1,0,2
2118565,49003,49049002801,715729,6,20,3,14,2,8680,4020,0,1,15,6,2118565,3,2,2,2440,FALSE,TRUE,TRUE,FALSE,TRUE,TRUE,FALSE,TRUE,TRUE,TRUE,TRUE,TRUE,TRUE,TRUE,FALSE,TRUE,FALSE,FALSE,TRUE,3,TRUE,2440,2.9333077125415215,2370,2.29,14.27,2422,1.13,FALSE,3,5.87,-5.0606,-0.042171665,FALSE,M,7,TRUE,FALSE,TRUE,FALSE,work1,FALSE,FALSE,1,1,0,0,0,0,0,0,0,0,0,0
2052321,49003,49049001801,695687,6,18,3,15,2,NA,NA,1,NA,NA,6,2052321,3,2,3,2375,TRUE,TRUE,TRUE,FALSE,TRUE,FALSE,FALSE,FALSE,FALSE,FALSE,TRUE,TRUE,TRUE,FALSE,FALSE,TRUE,FALSE,FALSE,TRUE,3,FALSE,2375,5.516577356331404,2370,0.53,4.02,-1,NA,FALSE,NA,0,0,0,FALSE,M,3,TRUE,FALSE,FALSE,FALSE,school1,FALSE,FALSE,1,0,0,0,0,0,0,0,0,0,0,0
2104951,49003,49049002500,711706,2,24,1,NA,2,8590,137,0,1,50,1,2104951,1,3,1,2448,FALSE,TRUE,TRUE,FALSE,TRUE,FALSE,FALSE,FALSE,FALSE,FALSE,TRUE,FALSE,FALSE,FALSE,FALSE,FALSE,FALSE,FALSE,FALSE,0,TRUE,2448,2.9997293548889976,-1,NA,0,2365,1.94,FALSE,4,12.34,-11.2714,-0.09392834,FALSE,M,1,TRUE,FALSE,FALSE,FALSE,work1,FALSE,FALSE,1,1,0,0,0,0,0,0,0,0,0,0
2121742,49003,49049002802,716879,4,11,2,7,1,NA,NA,0,NA,NA,NA,2121742,7,1,4,2456,FALSE,FALSE,FALSE,TRUE,FALSE,FALSE,FALSE,FALSE,FALSE,FALSE,TRUE,TRUE,TRUE,FALSE,FALSE,TRUE,TRUE,FALSE,FALSE,1,FALSE,2456,7.158628405112422,2454,0.66,5.45,-1,NA,FALSE,NA,0,0,0,FALSE,M,3,TRUE,FALSE,FALSE,FALSE,school1,FALSE,FALSE,1,0,0,1,2,0,0,0,0,2,0,2
2098206,49003,49049002300,709341,1,25,3,15,1,7870,2200,0,1,12,1,2098206,3,2,2,2433,FALSE,TRUE,TRUE,TRUE,FALSE,FALSE,FALSE,FALSE,FALSE,FALSE,TRUE,FALSE,FALSE,TRUE,FALSE,TRUE,FALSE,FALSE,TRUE,3,TRUE,2433,2.389699706181338,2370,2.11,13.4,2393,1.3,FALSE,4,7.44,44.56,0.37133333,TRUE,M,2,TRUE,FALSE,FALSE,FALSE,work1,FALSE,FALSE,1,1,0,0,0,0,0,0,0,0,0,0
2111587,49003,49049002702,713811,2,48,1,NA,1,7870,2430,1,2,40,1,2111587,1,3,1,2461,FALSE,TRUE,TRUE,TRUE,FALSE,FALSE,TRUE,FALSE,FALSE,FALSE,TRUE,FALSE,TRUE,FALSE,FALSE,FALSE,FALSE,FALSE,FALSE,0,TRUE,2461,18.52818336842125,-1,NA,0,2406,1.97,FALSE,4,10.77,-9.694,-0.08078334,FALSE,M,1,TRUE,FALSE,FALSE,FALSE,work1,FALSE,FALSE,1,1,0,0,0,0,0,0,0,0,0,0
1754903,49002,49049001002,607395,1,36,1,NA,1,2190,800,0,1,45,1,1754903,1,3,1,2322,FALSE,TRUE,TRUE,TRUE,FALSE,TRUE,FALSE,TRUE,FALSE,FALSE,FALSE,FALSE,FALSE,FALSE,FALSE,FALSE,FALSE,FALSE,FALSE,0,TRUE,2322,37.50955155566602,-1,NA,0,2370,3.01,FALSE,4,16.630001,-15.309601,-0.12758,FALSE,M,1,TRUE,FALSE,FALSE,FALSE,work1,FALSE,FALSE,1,1,0,0,0,0,0,0,0,0,0,0
1771035,49002,49049001108,612562,3,15,2,12,2,NA,NA,0,NA,NA,NA,1771035,7,1,4,2314,FALSE,FALSE,FALSE,FALSE,TRUE,TRUE,FALSE,FALSE,FALSE,TRUE,FALSE,TRUE,FALSE,FALSE,FALSE,TRUE,FALSE,TRUE,FALSE,2,FALSE,2314,1.7145839750167777,2391,2.28,12.68,-1,NA,FALSE,NA,0,0,0,FALSE,M,4,TRUE,FALSE,FALSE,FALSE,school1,FALSE,FALSE,1,0,0,0,0,0,0,0,0,0,0,0
2072831,49003,49049002101,702292,3,1,NA,NA,1,NA,NA,0,NA,NA,NA,2072831,8,1,4,2387,FALSE,FALSE,FALSE,TRUE,FALSE,TRUE,FALSE,FALSE,FALSE,FALSE,TRUE,FALSE,TRUE,FALSE,FALSE,TRUE,TRUE,FALSE,FALSE,1,FALSE,2387,0.667,2360,0.77,5.94,-1,NA,FALSE,NA,0,0,0,FALSE,N,1,TRUE,TRUE,FALSE,FALSE,NA,FALSE,FALSE,0,0,0,1,1,0,0,0,0,1,0,1
2053014,49003,49049001801,695803,3,19,2,15,2,9920,9920,1,9,NA,3,2053014,3,2,3,2375,TRUE,TRUE,TRUE,FALSE,TRUE,FALSE,FALSE,FALSE,FALSE,FALSE,TRUE,TRUE,TRUE,FALSE,FALSE,TRUE,FALSE,FALSE,TRUE,3,FALSE,2375,2.960422708869378,2370,0.53,4.02,-1,NA,FALSE,NA,0,0,0,FALSE,M,3,TRUE,FALSE,FALSE,FALSE,school1,FALSE,FALSE,1,0,0,0,0,0,0,0,0,0,0,0
2090839,49003,49049002206,707428,3,28,2,15,1,7870,1050,0,2,20,1,2090839,3,2,2,2422,FALSE,TRUE,TRUE,TRUE,FALSE,FALSE,FALSE,FALSE,FALSE,TRUE,TRUE,TRUE,TRUE,TRUE,FALSE,TRUE,FALSE,FALSE,TRUE,3,TRUE,2422,4.421992419423718,2370,2.78,17.24,2445,1.72,FALSE,4,10.21,-9.2896,-0.077413335,FALSE,N,5,TRUE,FALSE,FALSE,FALSE,NA,FALSE,FALSE,0,0,0,16,1,0,0,1,0,0,0,1
2083402,49003,49049002204,705344,1,23,2,16,2,7860,5700,0,4,35,1,2083402,3,2,1,2412,FALSE,TRUE,TRUE,FALSE,TRUE,FALSE,FALSE,FALSE,FALSE,FALSE,TRUE,FALSE,TRUE,TRUE,FALSE,TRUE,FALSE,FALSE,TRUE,3,TRUE,2412,9.915743527161359,2370,3.27,17.9,2357,2.12,FALSE,4,16.6,68.2,0.5683333,FALSE,M,1,TRUE,FALSE,FALSE,FALSE,work1,FALSE,FALSE,1,1,0,0,0,0,0,0,0,0,0,0
2109176,49003,49049002701,713090,3,24,1,NA,2,8470,2540,0,3,20,6,2109176,2,3,2,2453,FALSE,TRUE,TRUE,FALSE,TRUE,FALSE,FALSE,FALSE,FALSE,FALSE,TRUE,TRUE,TRUE,FALSE,FALSE,FALSE,FALSE,FALSE,FALSE,0,TRUE,2453,4.227448998095952,-1,NA,0,2343,4.68,FALSE,3,21.56,165.64,1,FALSE,M,3,TRUE,FALSE,FALSE,FALSE,work1,FALSE,FALSE,1,1,0,16,1,0,0,1,0,0,0,1
2043272,49003,49049001702,693058,1,24,2,15,1,8680,4020,0,1,17,1,2043272,3,2,2,2377,FALSE,TRUE,TRUE,TRUE,FALSE,FALSE,FALSE,FALSE,FALSE,FALSE,FALSE,FALSE,FALSE,TRUE,FALSE,TRUE,FALSE,FALSE,TRUE,3,TRUE,2377,5.6213129884419555,2370,1.02,6.82,2464,2.3,FALSE,4,15.07,-13.865399,-0.115545,TRUE,M,1,TRUE,FALSE,FALSE,FALSE,work_and_school,TRUE,TRUE,2,1,0,0,0,0,0,0,0,0,0,0
1784950,49002,49049001300,617316,1,23,2,15,1,7860,4220,0,3,30,1,1784950,3,2,1,2324,FALSE,TRUE,TRUE,TRUE,FALSE,FALSE,FALSE,FALSE,FALSE,FALSE,FALSE,TRUE,FALSE,TRUE,FALSE,TRUE,FALSE,FALSE,TRUE,3,TRUE,2324,6.585557159179852,2312,1.79,11.12,2338,2.23,FALSE,4,12.87,76.33,0.63608336,FALSE,N,2,TRUE,FALSE,FALSE,FALSE,NA,FALSE,FALSE,0,0,0,8,1,0,0,0,1,0,0,1
2052415,49003,49049001801,695703,4,19,3,15,2,1280,8800,1,1,30,6,2052415,3,2,1,2375,TRUE,TRUE,TRUE,FALSE,TRUE,FALSE,FALSE,FALSE,FALSE,FALSE,TRUE,TRUE,TRUE,TRUE,FALSE,TRUE,FALSE,FALSE,TRUE,3,TRUE,2375,1.253934445448756,2370,0.53,4.02,2436,1.16,FALSE,4,7.26,-6.6646004,-0.055538338,TRUE,M,4,TRUE,FALSE,FALSE,FALSE,work_and_school,TRUE,TRUE,2,1,0,0,0,0,0,0,0,0,0,0
1778354,49002,49049001202,614912,3,17,2,14,2,5180,4760,0,1,25,1,1778354,6,1,2,2333,TRUE,TRUE,FALSE,FALSE,TRUE,TRUE,FALSE,FALSE,FALSE,FALSE,TRUE,FALSE,FALSE,TRUE,FALSE,TRUE,FALSE,TRUE,FALSE,2,TRUE,2333,21.894062755827193,2394,2.15,10.8,2581,10.67,FALSE,4,32.48,-29.351799,-0.24459833,TRUE,M,2,TRUE,FALSE,FALSE,FALSE,school1,FALSE,FALSE,1,0,0,0,0,0,0,0,0,0,0,0
2049829,49003,49049001801,694866,1,18,3,15,2,7870,4220,0,1,16,1,2049829,3,2,2,2374,TRUE,TRUE,TRUE,FALSE,TRUE,FALSE,FALSE,FALSE,FALSE,FALSE,TRUE,FALSE,TRUE,TRUE,FALSE,TRUE,FALSE,FALSE,TRUE,3,TRUE,2374,2.3940174869727016,2370,0.6,4.1099997,2362,1.13,FALSE,4,7.0299997,-6.3854,-0.053211667,TRUE,M,1,TRUE,FALSE,FALSE,FALSE,work1,FALSE,FALSE,1,1,0,0,0,0,0,0,0,0,0,0
2049101,49003,49049001801,694744,5,18,2,14,2,6880,5160,1,1,30,1,2049101,3,2,1,2374,TRUE,TRUE,TRUE,FALSE,TRUE,FALSE,FALSE,FALSE,FALSE,FALSE,TRUE,TRUE,TRUE,TRUE,FALSE,TRUE,FALSE,FALSE,TRUE,3,TRUE,2374,1.794591957505315,2370,0.6,4.1099997,2457,1.71,FALSE,4,11.18,-10.482,-0.08735,FALSE,M,1,TRUE,FALSE,FALSE,FALSE,work1,FALSE,FALSE,1,1,0,0,0,0,0,0,0,0,0,0
2072209,49003,49049002101,702153,5,14,2,10,1,NA,NA,0,NA,NA,NA,2072209,7,1,4,2387,FALSE,FALSE,FALSE,TRUE,FALSE,TRUE,FALSE,FALSE,TRUE,FALSE,TRUE,FALSE,TRUE,FALSE,FALSE,TRUE,TRUE,FALSE,FALSE,1,FALSE,2387,10.766147328269502,2334,0.53,4.8,-1,NA,FALSE,NA,0,0,0,FALSE,M,2,TRUE,FALSE,FALSE,FALSE,school1,FALSE,FALSE,1,0,0,32,1,1,0,0,0,0,0,0
2050656,49003,49049001801,695046,2,54,3,16,1,7860,10,0,3,50,1,2050656,3,2,1,2374,FALSE,TRUE,TRUE,TRUE,FALSE,FALSE,FALSE,FALSE,TRUE,FALSE,FALSE,TRUE,FALSE,TRUE,FALSE,TRUE,FALSE,FALSE,TRUE,3,TRUE,2374,1.7417807955182851,2370,0.6,4.1099997,971,37.98,FALSE,5,101.53,1417.67,1,TRUE,N,3,TRUE,FALSE,FALSE,FALSE,NA,FALSE,FALSE,0,0,0,1,1,0,0,0,0,1,0,1
2040829,49003,49049001702,692295,2,43,1,NA,1,7380,1050,0,1,40,1,2040829,1,3,1,2376,FALSE,TRUE,TRUE,TRUE,FALSE,FALSE,FALSE,FALSE,TRUE,TRUE,FALSE,TRUE,FALSE,FALSE,FALSE,FALSE,FALSE,FALSE,FALSE,0,TRUE,2376,1,-1,NA,0,2370,0.74,FALSE,4,5.38,-4.8214,-0.040178336,FALSE,M,2,TRUE,FALSE,FALSE,FALSE,work1,FALSE,FALSE,1,1,0,0,0,0,0,0,0,0,0,0
2015070,49003,49049001501,684561,6,23,1,NA,1,4970,4720,0,1,80,3,2015070,1,3,1,2342,FALSE,TRUE,TRUE,TRUE,FALSE,FALSE,FALSE,TRUE,FALSE,FALSE,TRUE,TRUE,TRUE,FALSE,FALSE,FALSE,FALSE,FALSE,FALSE,0,TRUE,2342,8.33084219437002,-1,NA,0,2325,2.13,FALSE,4,13.3,71.9,0.5991667,FALSE,M,7,TRUE,FALSE,FALSE,FALSE,work1,FALSE,FALSE,1,1,0,0,0,0,0,0,0,0,0,0
2102657,49003,49049002400,710903,1,23,1,NA,2,6290,5240,0,1,39,1,2102657,1,3,1,2436,FALSE,TRUE,TRUE,FALSE,TRUE,TRUE,FALSE,FALSE,FALSE,FALSE,FALSE,FALSE,FALSE,FALSE,FALSE,FALSE,FALSE,FALSE,FALSE,0,TRUE,2436,19.071634326991056,-1,NA,0,2436,0.11,FALSE,4,0.68,3.72,0.031,TRUE,M,1,TRUE,FALSE,FALSE,FALSE,work1,FALSE,FALSE,1,1,0,0,0,0,0,0,0,0,0,0
2096550,49003,49049002207,708854,1,92,1,NA,1,NA,NA,0,NA,NA,6,2096550,5,3,3,2431,FALSE,TRUE,TRUE,TRUE,FALSE,FALSE,TRUE,FALSE,FALSE,FALSE,FALSE,FALSE,FALSE,FALSE,FALSE,FALSE,FALSE,FALSE,FALSE,0,FALSE,2431,1,-1,NA,0,-1,NA,FALSE,NA,0,0,0,FALSE,N,2,TRUE,FALSE,FALSE,FALSE,NA,FALSE,FALSE,0,0,0,1,1,0,0,0,0,1,0,1
1782015,49002,49049001202,616213,1,68,1,NA,2,NA,NA,0,NA,NA,6,1782015,5,3,3,2335,FALSE,TRUE,TRUE,FALSE,TRUE,FALSE,TRUE,FALSE,FALSE,FALSE,FALSE,FALSE,FALSE,FALSE,FALSE,FALSE,FALSE,FALSE,FALSE,0,FALSE,2335,3.3013095874028195,-1,NA,0,-1,NA,FALSE,NA,0,0,0,FALSE,N,1,TRUE,FALSE,FALSE,FALSE,NA,FALSE,FALSE,0,0,0,17,2,0,0,1,0,1,0,2
2111286,49003,49049002701,713691,2,20,3,15,2,7870,1107,0,2,19,1,2111286,3,2,2,2454,FALSE,TRUE,TRUE,FALSE,TRUE,FALSE,FALSE,FALSE,FALSE,FALSE,TRUE,FALSE,TRUE,TRUE,FALSE,TRUE,FALSE,FALSE,TRUE,3,TRUE,2454,43.50227094097574,2370,1.92,11.690001,2450,1.23,FALSE,4,8.34,-7.589,-0.06324167,FALSE,M,1,TRUE,FALSE,FALSE,FALSE,work1,FALSE,FALSE,1,1,0,20,2,0,1,1,0,0,0,2
1755408,49002,49049001002,607492,1,38,1,NA,1,8180,1030,0,2,40,1,1755408,1,3,1,2322,FALSE,TRUE,TRUE,TRUE,FALSE,TRUE,FALSE,TRUE,FALSE,TRUE,FALSE,FALSE,FALSE,FALSE,FALSE,FALSE,FALSE,FALSE,FALSE,0,TRUE,2322,7.050326005321069,-1,NA,0,2393,2.77,FALSE,4,15.33,-14.005,-0.11670833,FALSE,M,1,TRUE,FALSE,TRUE,TRUE,work1,FALSE,FALSE,1,1,0,0,0,0,0,0,0,0,0,0
1772561,49002,49049001201,613141,3,10,3,6,2,NA,NA,0,NA,NA,NA,1772561,7,1,4,2327,FALSE,FALSE,FALSE,FALSE,TRUE,FALSE,FALSE,FALSE,FALSE,TRUE,TRUE,FALSE,FALSE,FALSE,FALSE,TRUE,TRUE,FALSE,FALSE,1,FALSE,2327,14.793689709545264,2416,2.5,17.27,-1,NA,FALSE,NA,0,0,0,FALSE,M,4,TRUE,FALSE,FALSE,FALSE,school1,FALSE,FALSE,1,0,0,0,0,0,0,0,0,0,0,0
2037140,49003,49049001701,691098,1,65,1,NA,1,5070,4700,0,1,24,1,2037140,2,3,2,2367,FALSE,TRUE,TRUE,TRUE,FALSE,FALSE,FALSE,FALSE,FALSE,FALSE,TRUE,FALSE,TRUE,FALSE,FALSE,FALSE,FALSE,FALSE,FALSE,0,TRUE,2367,2.2113734442392956,-1,NA,0,2435,2.51,FALSE,4,16.02,84.380005,0.7031667,TRUE,M,2,TRUE,FALSE,FALSE,FALSE,work2,FALSE,FALSE,2,2,0,1,1,0,0,0,0,1,0,1
2074285,49003,49049002101,702759,1,29,2,15,2,8470,2300,0,2,25,1,2074285,3,2,2,2388,FALSE,TRUE,TRUE,FALSE,TRUE,FALSE,FALSE,FALSE,FALSE,FALSE,TRUE,FALSE,TRUE,TRUE,FALSE,TRUE,FALSE,FALSE,TRUE,3,TRUE,2388,7.58979919016091,2370,1.84,10.63,2450,2.38,FALSE,4,13.969999,81.23,0.6769167,TRUE,N,2,TRUE,FALSE,FALSE,FALSE,NA,FALSE,FALSE,0,0,0,3,2,0,0,0,0,1,1,2
2069525,49003,49049002000,701250,1,65,1,NA,1,5070,4700,0,1,24,1,2069525,2,3,2,2401,FALSE,TRUE,TRUE,TRUE,FALSE,FALSE,FALSE,FALSE,FALSE,FALSE,TRUE,FALSE,TRUE,FALSE,FALSE,FALSE,FALSE,FALSE,FALSE,0,TRUE,2401,11.084205252397407,-1,NA,0,2370,1.96,FALSE,4,12.5,65.9,0.5491667,FALSE,M,2,TRUE,FALSE,FALSE,FALSE,work2,FALSE,FALSE,2,2,0,0,0,0,0,0,0,0,0,0
2013174,49003,49049001402,683949,3,20,1,NA,1,8680,4020,0,1,NA,3,2013174,4,3,3,2360,FALSE,TRUE,TRUE,TRUE,FALSE,TRUE,FALSE,FALSE,FALSE,FALSE,TRUE,FALSE,FALSE,FALSE,FALSE,FALSE,FALSE,FALSE,FALSE,0,FALSE,2360,2.0213024444533154,-1,NA,0,-1,NA,FALSE,NA,0,0,0,FALSE,N,2,TRUE,FALSE,FALSE,FALSE,NA,FALSE,FALSE,0,0,0,2,1,0,0,0,0,0,1,1
2089372,49003,49049002206,707074,4,14,2,10,2,NA,NA,0,NA,NA,NA,2089372,7,1,4,2421,FALSE,FALSE,FALSE,FALSE,TRUE,FALSE,FALSE,FALSE,TRUE,FALSE,TRUE,TRUE,TRUE,FALSE,FALSE,TRUE,TRUE,FALSE,FALSE,1,FALSE,2421,5.103301960287136,2357,2.68,17.83,-1,NA,FALSE,NA,0,0,0,FALSE,M,2,TRUE,FALSE,FALSE,FALSE,school1,FALSE,FALSE,1,0,0,0,0,0,0,0,0,0,0,0
2084877,49003,49049002205,705777,2,52,1,NA,2,7870,2200,0,2,20,1,2084877,2,3,2,2414,FALSE,TRUE,TRUE,FALSE,TRUE,TRUE,FALSE,FALSE,FALSE,TRUE,TRUE,TRUE,TRUE,FALSE,FALSE,FALSE,FALSE,FALSE,FALSE,0,TRUE,2414,3.7256239882602613,-1,NA,0,2406,2.05,FALSE,4,11.46,-10.633,-0.08860834,TRUE,M,1,TRUE,FALSE,FALSE,FALSE,work1,FALSE,FALSE,1,1,1,0,0,0,0,0,0,0,0,0
2037384,49003,49049001701,691204,1,24,1,NA,2,7980,3640,0,1,32,6,2037384,1,3,1,2367,FALSE,TRUE,TRUE,FALSE,TRUE,FALSE,FALSE,FALSE,FALSE,FALSE,TRUE,FALSE,FALSE,FALSE,FALSE,FALSE,FALSE,FALSE,FALSE,0,TRUE,2367,7.5456642153053695,-1,NA,0,2361,1.97,FALSE,4,13.55,65.25,0.54375,FALSE,M,1,TRUE,FALSE,FALSE,FALSE,work1,FALSE,FALSE,1,1,0,0,0,0,0,0,0,0,0,0
2096016,49003,49049002207,708716,6,5,2,1,1,NA,NA,0,NA,NA,NA,2096016,8,1,4,2431,FALSE,FALSE,FALSE,TRUE,FALSE,TRUE,FALSE,FALSE,TRUE,TRUE,FALSE,TRUE,TRUE,FALSE,FALSE,TRUE,TRUE,FALSE,FALSE,1,FALSE,2431,5.341465195361728,2322,5.01,24.869999,-1,NA,FALSE,NA,0,0,0,FALSE,M,4,TRUE,FALSE,FALSE,FALSE,school1,FALSE,FALSE,1,0,1,0,0,0,0,0,0,0,0,0
2098908,49003,49049002300,709541,3,0,NA,NA,1,NA,NA,0,NA,NA,NA,2098908,8,1,4,2434,FALSE,FALSE,FALSE,TRUE,FALSE,FALSE,FALSE,FALSE,FALSE,FALSE,TRUE,TRUE,FALSE,FALSE,FALSE,TRUE,TRUE,FALSE,FALSE,1,FALSE,2434,2.3795214501214055,2374,1.39,8.62,-1,NA,FALSE,NA,0,0,0,FALSE,M,3,TRUE,FALSE,FALSE,FALSE,school1,FALSE,FALSE,1,0,0,0,0,0,0,0,0,0,0,0
2089956,49003,49049002206,707197,2,26,1,NA,1,7380,1020,0,1,45,1,2089956,1,3,1,2421,FALSE,TRUE,TRUE,TRUE,FALSE,FALSE,FALSE,FALSE,FALSE,FALSE,FALSE,TRUE,TRUE,FALSE,FALSE,FALSE,FALSE,FALSE,FALSE,0,TRUE,2421,2.256536559589755,-1,NA,0,2445,2.09,FALSE,4,11.639999,-10.684999,-0.089041665,FALSE,M,1,TRUE,FALSE,FALSE,FALSE,work1,FALSE,FALSE,1,1,0,0,0,0,0,0,0,0,0,0
1781698,49002,49049001202,616093,2,52,1,NA,1,NA,NA,0,NA,NA,6,1781698,4,3,3,2335,FALSE,TRUE,TRUE,TRUE,FALSE,FALSE,FALSE,FALSE,TRUE,FALSE,TRUE,FALSE,FALSE,FALSE,FALSE,FALSE,FALSE,FALSE,FALSE,0,FALSE,2335,9.131389723335408,-1,NA,0,-1,NA,FALSE,NA,0,0,0,FALSE,N,3,TRUE,FALSE,FALSE,FALSE,NA,FALSE,FALSE,0,0,0,1,1,0,0,0,0,1,0,1
2045042,49003,49049001801,693622,3,19,2,15,2,9920,9920,1,9,NA,3,2045042,3,2,3,2369,TRUE,TRUE,TRUE,FALSE,TRUE,FALSE,FALSE,FALSE,FALSE,FALSE,TRUE,TRUE,TRUE,FALSE,FALSE,TRUE,FALSE,FALSE,TRUE,3,FALSE,2369,9.857889791069711,2370,0.62,5.0699997,-1,NA,FALSE,NA,0,0,0,FALSE,M,4,TRUE,FALSE,FALSE,FALSE,school1,FALSE,FALSE,1,0,0,0,0,0,0,0,0,0,0,0
2063915,49003,49049001900,699566,2,26,2,16,1,7870,2200,0,4,30,1,2063915,3,2,1,2403,FALSE,TRUE,TRUE,TRUE,FALSE,FALSE,FALSE,FALSE,FALSE,FALSE,TRUE,FALSE,FALSE,TRUE,FALSE,TRUE,FALSE,FALSE,TRUE,3,TRUE,2403,7.90818793931898,2370,1.3,8.9,2386,1.61,FALSE,4,9.08,-8.0738,-0.06728167,FALSE,N,2,TRUE,FALSE,FALSE,FALSE,NA,FALSE,FALSE,0,0,0,16,1,0,0,1,0,0,0,1
2092757,49003,49049002206,707915,5,13,2,9,1,NA,NA,0,NA,NA,NA,2092757,7,1,4,2423,FALSE,FALSE,FALSE,TRUE,FALSE,TRUE,FALSE,TRUE,TRUE,TRUE,TRUE,FALSE,FALSE,FALSE,FALSE,TRUE,TRUE,FALSE,FALSE,1,FALSE,2423,3.9365222831400204,2378,1.65,11,-1,NA,FALSE,NA,0,0,0,FALSE,M,3,TRUE,FALSE,TRUE,FALSE,school1,FALSE,FALSE,1,0,1,0,0,0,0,0,0,0,0,0
2019006,49003,49049001501,685740,1,86,1,NA,2,NA,NA,0,NA,NA,6,2019006,5,3,3,2348,FALSE,TRUE,TRUE,FALSE,TRUE,FALSE,TRUE,FALSE,FALSE,FALSE,FALSE,FALSE,FALSE,FALSE,FALSE,FALSE,FALSE,FALSE,FALSE,0,FALSE,2348,8.882907586367022,-1,NA,0,-1,NA,FALSE,NA,0,0,0,FALSE,N,1,TRUE,FALSE,FALSE,FALSE,NA,FALSE,FALSE,0,0,1,0,0,0,0,0,0,0,1,0
2065879,49003,49049002000,700321,2,32,1,NA,1,NA,NA,0,NA,NA,6,2065879,4,3,3,2396,FALSE,TRUE,TRUE,TRUE,FALSE,TRUE,FALSE,FALSE,TRUE,FALSE,FALSE,TRUE,FALSE,FALSE,FALSE,FALSE,FALSE,FALSE,FALSE,0,FALSE,2396,1.2392595045741333,-1,NA,0,-1,NA,FALSE,NA,0,0,0,FALSE,N,5,TRUE,FALSE,FALSE,FALSE,NA,FALSE,FALSE,0,0,0,2,1,0,0,0,0,0,1,1
1781370,49002,49049001202,615999,5,7,2,4,2,NA,NA,0,NA,NA,NA,1781370,7,1,4,2335,FALSE,FALSE,FALSE,FALSE,TRUE,FALSE,FALSE,FALSE,FALSE,TRUE,TRUE,FALSE,FALSE,FALSE,FALSE,TRUE,TRUE,FALSE,FALSE,1,FALSE,2335,5.996729874766429,2360,0.55,4.28,-1,NA,FALSE,NA,0,0,0,FALSE,M,3,TRUE,FALSE,FALSE,TRUE,school1,FALSE,FALSE,1,0,0,4,1,0,1,0,0,0,0,1
2014475,49003,49049001402,684391,1,26,3,16,1,7270,2145,0,1,15,1,2014475,3,2,2,2362,FALSE,TRUE,TRUE,TRUE,FALSE,FALSE,FALSE,TRUE,FALSE,FALSE,FALSE,TRUE,FALSE,TRUE,FALSE,TRUE,FALSE,FALSE,TRUE,3,TRUE,2362,6.436444023737334,2370,0.97,6.67,2382,1.35,FALSE,4,7.48,-6.8154,-0.056795,FALSE,M,3,TRUE,FALSE,FALSE,FALSE,work1,FALSE,FALSE,1,1,0,0,0,0,0,0,0,0,0,0
1774847,49002,49049001201,613862,5,2,NA,NA,1,NA,NA,0,NA,NA,NA,1774847,8,1,4,2331,FALSE,FALSE,FALSE,TRUE,FALSE,FALSE,FALSE,FALSE,FALSE,TRUE,TRUE,FALSE,TRUE,FALSE,FALSE,TRUE,TRUE,FALSE,FALSE,1,FALSE,2331,1.0375727972864177,2389,1.1,6.88,-1,NA,FALSE,NA,0,0,0,FALSE,M,2,TRUE,FALSE,FALSE,FALSE,school1,FALSE,FALSE,1,0,0,0,0,0,0,0,0,0,0,0
2037840,49003,49049001701,691403,6,78,1,NA,1,NA,NA,1,NA,NA,6,2037840,5,3,3,2371,FALSE,TRUE,TRUE,TRUE,FALSE,FALSE,TRUE,FALSE,FALSE,FALSE,TRUE,FALSE,TRUE,FALSE,FALSE,FALSE,FALSE,FALSE,FALSE,0,FALSE,2371,9.434506908718209,-1,NA,0,-1,NA,FALSE,NA,0,0,0,FALSE,N,5,TRUE,FALSE,FALSE,FALSE,NA,FALSE,FALSE,0,0,0,8,1,0,0,0,1,0,0,1
