person_id,household_id,age,RELATE,ESR,GRADE,PNUM,PAUG,DDP,sex,WEEKS,HOURS,MSP,POVERTY,EARNS,pagecat,pemploy,pstudent,ptype,padkid,age_16_to_19,age_16_p,adult,male,female,has_non_worker,has_retiree,has_preschool_kid,has_driving_kid,has_school_kid,has_full_time,has_part_time,has_university,student_is_employed,nonstudent_to_school,is_student,is_gradeschool,is_highschool,is_university,school_segment,is_worker,home_taz,value_of_time,school_taz,distance_to_school,roundtrip_auto_time_to_school,workplace_taz,distance_to_work,workplace_in_cbd,work_taz_area_type,roundtrip_auto_time_to_work,work_auto_savings,work_auto_savings_ratio,free_parking_at_work,cdap_activity,cdap_rank,travel_active,under16_not_at_school,has_preschool_kid_at_home,has_school_kid_at_home,mandatory_tour_frequency,work_and_school_and_worker,work_and_school_and_student,num_mand,num_work_tours,num_joint_tours,non_mandatory_tour_frequency,num_non_mand,num_escort_tours,num_eatout_tours,num_shop_tours,num_maint_tours,num_discr_tours,num_social_tours,num_non_escort_tours
26478,26478,46,1,6,0,1,0,0,1,0,0,6,53,0,6,3,3,4,2,False,True,True,True,False,False,False,False,False,False,False,False,False,False,False,False,False,False,False,0,False,8,1.0,-1,,0.0,-1,,False,,0.0,0.0,0.0,False,N,1,True,False,False,False,,False,False,0,0,0,12,2,0,1,0,1,0,0,2
26686,26686,39,1,6,0,1,0,0,1,0,0,6,1,0,6,3,3,4,2,False,True,True,True,False,False,False,False,False,False,False,False,False,False,False,False,False,False,False,0,False,8,2.84310444200838,-1,,0.0,-1,,False,,0.0,0.0,0.0,False,N,1,True,False,False,False,,False,False,0,0,0,12,2,0,1,0,1,0,0,2
26844,26844,51,1,3,0,1,0,0,1,0,0,6,41,0,7,3,3,4,2,False,True,True,True,False,False,False,False,False,False,False,False,False,False,False,False,False,False,False,0,False,8,41.95868930639066,-1,,0.0,-1,,False,,0.0,0.0,0.0,False,N,1,True,False,False,False,,False,False,0,0,0,2,1,0,0,0,0,0,1,1
27726,27726,52,1,6,0,1,0,0,1,0,0,4,277,0,7,3,3,4,2,False,True,True,True,False,False,False,False,False,False,False,False,False,False,False,False,False,False,False,0,False,10,5.584662029883316,-1,,0.0,-1,,False,,0.0,0.0,0.0,False,N,1,True,False,False,False,,False,False,0,0,0,1,1,0,0,0,0,1,0,1
27748,27748,57,1,6,0,1,0,0,2,0,0,4,106,0,7,3,3,4,2,False,True,True,False,True,False,False,False,False,False,False,False,False,False,False,False,False,False,False,0,False,10,3.010415373711742,-1,,0.0,-1,,False,,0.0,0.0,0.0,False,H,1,False,False,False,False,,False,False,0,0,0,0,0,0,0,0,0,0,0,0
29625,29625,61,1,6,0,1,0,0,1,0,0,4,48,0,7,3,3,4,2,False,True,True,True,False,False,False,False,False,False,False,False,False,False,False,False,False,False,False,0,False,17,4.768890669889258,-1,,0.0,-1,,False,,0.0,0.0,0.0,False,N,1,True,False,False,False,,False,False,0,0,0,16,1,0,0,1,0,0,0,1
107628,107628,42,1,1,0,1,0,0,1,52,32,6,210,18100,6,2,3,2,2,False,True,True,True,False,False,False,False,False,False,False,False,False,False,False,False,False,False,False,0,True,6,6.520841092869769,-1,,0.0,9,0.9,True,0.0,5.49,28.304598,0.23587164,False,N,1,True,False,False,False,,False,False,0,0,0,4,1,0,1,0,0,0,0,1
110675,110675,30,1,1,0,1,0,0,1,20,40,6,59,5000,5,2,3,2,2,False,True,True,True,False,False,False,False,False,False,False,False,False,False,False,False,False,False,False,0,True,16,3.9205668642399836,-1,,0.0,8,1.39,True,0.0,9.309999,24.5608,0.20467333,False,H,1,False,False,False,False,,False,False,0,0,0,0,0,0,0,0,0,0,0,0
112064,112064,48,1,1,0,1,0,0,2,26,35,3,208,18000,6,2,3,2,2,False,True,True,False,True,False,False,False,False,False,False,False,False,False,False,False,False,False,False,0,True,16,2.647107057372401,-1,,0.0,12,0.67,True,0.0,4.65,17.645102,0.14704251,False,N,1,True,False,False,False,,False,False,0,0,0,17,2,0,0,1,0,1,0,2
112535,112535,25,1,1,0,1,0,0,2,0,0,6,1,0,5,1,3,1,2,False,True,True,False,True,False,False,False,False,False,False,False,False,False,False,False,False,False,False,0,True,17,12.59957875389906,-1,,0.0,10,1.83,True,0.0,9.04,47.225403,0.39354503,False,H,1,False,False,False,False,,False,False,0,0,0,0,0,0,0,0,0,0,0,0
264107,226869,28,1,1,0,1,0,0,1,8,40,1,36,4000,5,2,3,2,2,False,True,True,True,False,True,False,False,False,False,False,False,False,False,False,False,False,False,False,0,True,9,2.5758755480394475,-1,,0.0,9,0.17,True,0.0,1.08,5.72,0.047666665,False,M,1,True,False,False,False,work1,False,False,1,1,0,0,0,0,0,0,0,0,0,0
264108,226869,27,2,6,0,2,0,0,2,0,0,1,36,0,5,3,3,4,2,False,True,True,False,True,False,False,False,False,False,False,True,False,False,False,False,False,False,False,0,False,9,2.5758755480394475,-1,,0.0,-1,,False,,0.0,0.0,0.0,False,N,2,True,False,False,False,,False,False,0,0,0,1,1,0,0,0,0,1,0,1
264247,226939,20,1,3,0,1,0,0,2,0,0,6,19,0,4,3,3,4,2,False,True,True,False,True,False,False,False,False,False,True,False,False,False,False,False,False,False,False,0,False,10,1.4771252873630913,-1,,0.0,-1,,False,,0.0,0.0,0.0,False,H,2,False,False,False,False,,False,False,0,0,0,0,0,0,0,0,0,0,0,0
264248,226939,23,19,1,0,2,0,0,1,52,40,6,216,18700,4,1,3,1,2,False,True,True,True,False,True,False,False,False,False,False,False,False,False,False,False,False,False,False,0,True,10,1.4771252873630913,-1,,0.0,8,0.78,True,0.0,5.0699997,12.330399,0.10275332,False,M,1,True,False,False,False,work1,False,False,1,1,0,0,0,0,0,0,0,0,0,0
323689,256660,22,1,1,0,1,0,0,2,45,20,6,156,13000,4,2,3,2,2,False,True,True,False,True,False,False,False,False,False,False,True,False,False,False,False,False,False,False,0,True,10,1.5416062020885206,-1,,0.0,21,0.91,True,1.0,5.75,22.646502,0.18872085,False,M,1,True,False,False,False,work1,False,False,1,1,0,0,0,0,0,0,0,0,0,0
323690,256660,23,18,1,0,2,0,0,2,45,20,6,165,14000,4,2,3,2,2,False,True,True,False,True,False,False,False,False,False,False,True,False,False,False,False,False,False,False,0,True,10,1.5416062020885206,-1,,0.0,2,1.51,True,0.0,10.46,21.340801,0.17784001,False,H,2,False,False,False,False,,False,False,0,0,0,0,0,0,0,0,0,0,0,0
324051,256841,64,1,1,4,1,0,0,1,52,40,1,149,5500,7,1,3,1,2,False,True,True,True,False,False,False,False,False,False,True,False,False,False,True,False,False,False,False,0,True,16,12.238363900253598,-1,,0.0,2,0.66,True,0.0,5.0699997,20.4971,0.17080918,False,M,2,True,False,False,False,work1,False,False,1,1,0,0,0,0,0,0,0,0,0,0
324052,256841,58,2,1,6,2,0,0,2,52,40,1,149,11000,7,1,3,1,2,False,True,True,False,True,False,False,False,False,False,True,False,False,False,True,False,False,False,False,0,True,16,12.238363900253598,-1,,0.0,13,0.46,True,0.0,2.99,15.41,0.12841667,True,M,1,True,False,False,False,work1,False,False,1,1,0,0,0,0,0,0,0,0,0,0
324909,257270,61,1,1,0,1,0,0,1,52,36,1,205,15900,7,1,3,1,2,False,True,True,True,False,False,False,False,False,False,False,True,False,False,False,False,False,False,False,0,True,16,7.027281226540117,-1,,0.0,2,0.66,True,0.0,5.0699997,20.4971,0.17080918,False,M,2,True,False,False,False,work1,False,False,1,1,0,4,1,0,1,0,0,0,0,1
324910,257270,53,2,1,0,2,0,0,2,36,24,1,205,5000,7,2,3,2,2,False,True,True,False,True,False,False,False,False,False,True,False,False,False,False,False,False,False,False,0,True,16,7.027281226540117,-1,,0.0,13,0.46,True,0.0,2.99,15.41,0.12841667,False,H,1,False,False,False,False,,False,False,0,0,0,0,0,0,0,0,0,0,0,0
325431,257531,22,1,1,0,1,0,0,2,50,1,6,24,2000,4,2,3,2,2,False,True,True,False,True,False,False,False,False,False,False,True,False,False,False,False,False,False,False,0,True,16,8.417809979092251,-1,,0.0,11,1.13,True,0.0,6.85,23.182701,0.19318917,False,M,1,True,False,False,False,work1,False,False,1,1,0,0,0,0,0,0,0,0,0,0
325432,257531,22,18,1,0,2,0,0,2,20,40,6,116,10000,4,2,3,2,2,False,True,True,False,True,False,False,False,False,False,False,True,False,False,False,False,False,False,False,0,True,16,8.417809979092251,-1,,0.0,22,1.01,True,0.0,5.84,25.505198,0.21254331,False,N,2,True,False,False,False,,False,False,0,0,0,16,1,0,0,1,0,0,0,1
325623,257627,21,1,1,6,1,0,0,2,24,40,4,104,8500,4,2,2,3,2,False,True,True,False,True,False,False,False,False,False,True,False,False,True,False,True,False,False,True,3,True,16,12.386460544611257,13,0.46,2.99,6,1.29,True,0.0,8.35,28.132902,0.23444085,False,M,2,True,False,False,False,work_and_school,True,True,2,1,0,0,0,0,0,0,0,0,0,0
325624,257627,18,18,1,5,2,0,0,2,50,40,4,105,9100,4,1,3,1,2,True,True,True,False,True,False,False,False,False,False,False,True,True,False,True,False,False,False,False,0,True,16,12.386460544611257,-1,,0.0,15,0.47,True,0.0,3.3899999,16.379402,0.13649502,False,M,1,True,False,False,False,work1,False,False,1,1,0,0,0,0,0,0,0,0,0,0
386007,287819,42,1,6,5,1,0,0,2,0,0,6,57,0,6,3,2,3,2,False,True,True,False,True,False,False,False,False,True,False,False,False,False,False,True,False,False,True,3,False,9,1.2964611351540603,12,1.15,8.290001,-1,,False,,0.0,0.0,0.0,False,N,2,True,False,False,False,,False,False,0,0,0,20,2,0,1,1,0,0,0,2
386008,287819,11,3,0,4,2,0,0,2,0,0,0,57,0,1,4,1,7,2,False,False,False,False,True,False,False,False,False,False,False,False,True,False,False,True,True,False,False,1,False,9,0.8647395771477583,10,0.33,2.79,-1,,False,,0.0,0.0,0.0,False,M,1,True,False,False,False,school1,False,False,1,0,0,16,1,0,0,1,0,0,0,1
386061,287846,50,1,6,0,1,0,0,1,50,40,2,197,22600,7,3,3,4,2,False,True,True,True,False,False,False,False,True,False,False,False,False,False,False,False,False,False,False,0,False,9,5.733982654827306,-1,,0.0,-1,,False,,0.0,0.0,0.0,False,N,2,True,False,False,False,,False,False,0,0,0,8,1,0,0,0,1,0,0,1
386062,287846,16,3,6,5,2,0,0,1,0,0,6,197,0,3,3,1,6,2,True,True,False,True,False,True,False,False,False,False,False,False,False,False,False,True,False,True,False,2,False,9,3.8245664307698135,13,1.34,9.48,-1,,False,,0.0,0.0,0.0,False,M,1,True,False,False,False,school1,False,False,1,0,0,0,0,0,0,0,0,0,0,0
418441,304036,35,1,1,0,1,0,0,2,52,40,6,207,23700,6,1,3,1,2,False,True,True,False,True,False,False,True,False,False,False,False,False,False,False,False,False,False,False,0,True,10,5.375799781329804,-1,,0.0,2,1.51,True,0.0,10.46,21.340801,0.17784001,False,M,1,True,False,False,False,work1,False,False,1,1,0,36,2,1,1,0,0,0,0,1
418442,304036,0,3,0,0,2,0,0,1,0,0,0,207,0,0,4,1,8,2,False,False,False,True,False,False,False,False,False,False,True,False,False,False,False,True,True,False,False,1,False,10,3.5856584541469796,9,0.49,2.79,-1,,False,,0.0,0.0,0.0,False,M,2,True,False,False,False,school1,False,False,1,0,0,0,0,0,0,0,0,0,0,0
595684,370497,52,1,2,0,1,0,0,1,28,50,4,135,18000,7,2,3,2,2,False,True,True,True,False,False,False,False,True,True,False,False,False,False,False,False,False,False,False,0,True,21,4.005080218193281,-1,,0.0,5,0.77,True,0.0,4.6000004,17.857399,0.14881165,False,H,1,False,False,False,False,,False,False,0,0,0,0,0,0,0,0,0,0,0,0
595685,370497,18,3,6,5,2,0,0,1,0,0,6,135,0,4,3,1,6,1,True,True,True,True,False,False,False,False,False,True,False,True,False,False,False,True,False,True,False,2,False,21,4.005080218193281,13,0.76,5.08,-1,,False,,0.0,0.0,0.0,False,H,3,False,False,False,False,,False,False,0,0,0,0,0,0,0,0,0,0,0,0
595686,370497,14,3,0,5,3,0,0,2,0,0,0,135,0,2,4,1,7,2,False,False,False,False,True,False,False,False,True,False,False,True,False,False,False,True,True,False,False,1,False,21,2.6713885055349182,8,0.71,5.07,-1,,False,,0.0,0.0,0.0,False,M,2,True,False,False,False,school1,False,False,1,0,0,0,0,0,0,0,0,0,0,0
644290,386699,47,1,1,0,1,0,0,1,48,30,1,157,8000,6,2,3,2,2,False,True,True,True,False,False,False,False,False,True,True,False,False,False,False,False,False,False,False,0,True,7,4.590650730864872,-1,,0.0,12,0.77,True,0.0,4.81,14.3318,0.11943167,False,M,2,True,False,False,False,work1,False,False,1,1,0,0,0,0,0,0,0,0,0,0
644291,386699,43,2,1,0,2,0,1,2,52,40,1,157,12000,6,1,3,1,2,False,True,True,False,True,False,False,False,False,True,False,True,False,False,False,False,False,False,False,0,True,7,4.590650730864872,-1,,0.0,4,0.76,True,0.0,4.48,14.696999,0.12247499,False,M,1,True,False,False,False,work1,False,False,1,1,0,4,1,0,1,0,0,0,0,1
644292,386699,7,3,0,3,3,0,1,1,0,0,0,157,0,1,4,1,7,2,False,False,False,True,False,False,False,False,False,False,True,True,False,False,False,True,True,False,False,1,False,7,3.0619640374868697,7,0.15,0.9,-1,,False,,0.0,0.0,0.0,False,M,3,True,False,False,False,school1,False,False,1,0,0,0,0,0,0,0,0,0,0,0
644476,386761,47,1,1,0,1,0,0,1,48,30,1,157,8000,6,2,3,2,2,False,True,True,True,False,False,False,False,False,True,True,False,False,False,False,False,False,False,False,0,True,16,5.098171219655474,-1,,0.0,9,1.77,True,0.0,10.860001,29.847797,0.24873164,False,M,2,True,False,False,False,work1,False,False,1,1,0,56,3,1,0,1,1,0,0,2
644477,386761,43,2,1,0,2,0,1,2,52,40,1,157,12000,6,1,3,1,2,False,True,True,False,True,False,False,False,False,True,False,True,False,False,False,False,False,False,False,0,True,16,5.098171219655474,-1,,0.0,16,0.17,True,0.0,1.06,5.74,0.04783333,False,N,1,True,False,False,False,,False,False,0,0,0,16,1,0,0,1,0,0,0,1
644478,386761,7,3,0,3,3,0,1,1,0,0,0,157,0,1,4,1,7,2,False,False,False,True,False,False,False,False,False,False,True,True,False,False,False,True,True,False,False,1,False,16,3.4004802035102015,7,1.22,8.26,-1,,False,,0.0,0.0,0.0,False,M,3,True,False,False,False,school1,False,False,1,0,0,0,0,0,0,0,0,0,0,0
1263746,566633,72,1,6,0,1,0,0,1,0,0,3,106,0,8,3,3,5,2,False,True,True,True,False,False,False,False,False,False,False,False,False,False,False,False,False,False,False,0,False,8,5.520555697695516,-1,,0.0,-1,,False,,0.0,0.0,0.0,False,N,1,True,False,False,False,,False,False,0,0,0,4,1,0,1,0,0,0,0,1
1264249,567136,77,1,6,0,1,0,0,1,0,0,6,370,0,8,3,3,5,2,False,True,True,True,False,False,False,False,False,False,False,False,False,False,False,False,False,False,False,0,False,9,3.5507634026007984,-1,,0.0,-1,,False,,0.0,0.0,0.0,False,H,1,False,False,False,False,,False,False,0,0,0,0,0,0,0,0,0,0,0,0
1265325,568212,69,1,6,0,1,0,0,1,0,0,6,88,0,8,3,3,5,2,False,True,True,True,False,False,False,False,False,False,False,False,False,False,False,False,False,False,False,0,False,11,2.3178535070641546,-1,,0.0,-1,,False,,0.0,0.0,0.0,False,H,1,False,False,False,False,,False,False,0,0,0,0,0,0,0,0,0,0,0,0
1265379,568266,70,1,3,0,1,0,0,1,0,0,6,101,0,8,3,3,5,2,False,True,True,True,False,False,False,False,False,False,False,False,False,False,False,False,False,False,False,0,False,11,2.8006745684819063,-1,,0.0,-1,,False,,0.0,0.0,0.0,False,H,1,False,False,False,False,,False,False,0,0,0,0,0,0,0,0,0,0,0,0
1265898,568785,80,1,6,0,1,0,0,1,0,0,6,101,0,9,3,3,5,2,False,True,True,True,False,False,False,False,False,False,False,False,False,False,False,False,False,False,False,0,False,17,7.32202829064968,-1,,0.0,-1,,False,,0.0,0.0,0.0,False,N,1,True,False,False,False,,False,False,0,0,0,1,1,0,0,0,0,1,0,1
1266941,569828,84,1,6,0,1,0,0,1,0,0,3,104,0,9,3,3,5,2,False,True,True,True,False,False,False,False,False,False,False,False,False,False,False,False,False,False,False,0,False,21,3.717766257938527,-1,,0.0,-1,,False,,0.0,0.0,0.0,False,N,1,True,False,False,False,,False,False,0,0,0,16,1,0,0,1,0,0,0,1
1267567,570454,85,1,6,0,1,0,0,1,0,0,5,19,0,9,3,3,5,2,False,True,True,True,False,False,False,False,False,False,False,False,False,False,False,False,False,False,False,0,False,21,10.364201291815256,-1,,0.0,-1,,False,,0.0,0.0,0.0,False,H,1,False,False,False,False,,False,False,0,0,0,0,0,0,0,0,0,0,0,0
1356077,658964,71,1,1,0,1,0,0,2,50,12,3,96,3600,8,2,3,2,2,False,True,True,False,True,False,False,False,False,False,False,False,False,False,False,False,False,False,False,0,True,20,1.0,-1,,0.0,9,0.78,True,0.0,4.6,23.4,0.195,False,M,1,True,False,False,False,work1,False,False,1,1,0,0,0,0,0,0,0,0,0,0
1356259,659146,79,1,1,0,1,0,0,2,50,20,6,298,3900,8,2,3,2,2,False,True,True,False,True,False,False,False,False,False,False,False,False,False,False,False,False,False,False,0,True,21,4.379784931888701,-1,,0.0,15,1.17,True,0.0,7.26,26.4032,0.22002667,False,M,1,True,False,False,False,work1,False,False,1,1,0,8,1,0,0,0,1,0,0,1
1356489,659376,67,1,1,0,1,0,0,1,2,40,5,94,1500,8,2,3,2,2,False,True,True,True,False,False,False,False,False,False,False,False,False,False,False,False,False,False,False,0,True,21,16.180694831987918,-1,,0.0,7,0.91,True,0.0,5.74,18.9714,0.15809499,False,N,1,True,False,False,False,,False,False,0,0,0,8,1,0,0,0,1,0,0,1
1423759,701664,77,1,6,0,1,0,0,1,0,0,1,149,0,8,3,3,5,2,False,True,True,True,False,False,True,False,False,False,False,False,False,False,False,False,False,False,False,0,False,2,4.689327972217943,-1,,0.0,-1,,False,,0.0,0.0,0.0,False,H,2,False,False,False,False,,False,False,0,0,0,0,0,0,0,0,0,0,0,0
1423760,701664,76,2,6,0,2,0,0,2,0,0,1,149,0,8,3,3,5,2,False,True,True,False,True,False,True,False,False,False,False,False,False,False,False,False,False,False,False,0,False,2,4.689327972217943,-1,,0.0,-1,,False,,0.0,0.0,0.0,False,H,1,False,False,False,False,,False,False,0,0,0,0,0,0,0,0,0,0,0,0
1424997,702283,69,1,6,0,1,0,0,2,0,0,2,106,0,8,3,3,5,2,False,True,True,False,True,False,True,False,False,False,False,False,False,False,False,False,False,False,False,0,False,9,5.3572088309053605,-1,,0.0,-1,,False,,0.0,0.0,0.0,False,N,1,True,False,False,False,,False,False,0,0,0,16,1,0,0,1,0,0,0,1
1424998,702283,71,18,6,0,2,0,0,2,0,0,2,77,0,8,3,3,5,2,False,True,True,False,True,False,True,False,False,False,False,False,False,False,False,False,False,False,False,0,False,9,5.3572088309053605,-1,,0.0,-1,,False,,0.0,0.0,0.0,False,H,2,False,False,False,False,,False,False,0,0,0,0,0,0,0,0,0,0,0,0
1427193,703381,65,1,6,0,1,0,0,1,0,0,1,171,0,8,3,3,5,2,False,True,True,True,False,False,True,False,False,False,False,False,False,False,False,False,False,False,False,0,False,25,1.8372202530691708,-1,,0.0,-1,,False,,0.0,0.0,0.0,False,N,1,True,False,False,False,,False,False,0,0,0,16,1,0,0,1,0,0,0,1
1427194,703381,69,2,6,0,2,0,0,2,0,0,1,171,0,8,3,3,5,2,False,True,True,False,True,False,True,False,False,False,False,False,False,False,False,False,False,False,False,0,False,25,1.8372202530691708,-1,,0.0,-1,,False,,0.0,0.0,0.0,False,N,2,True,False,False,False,,False,False,0,0,0,10,2,0,0,0,1,0,1,2
1476139,727854,70,1,1,0,1,0,0,1,52,24,1,244,5800,8,2,3,2,2,False,True,True,True,False,True,False,False,False,False,False,False,False,False,False,False,False,False,False,0,True,7,10.374243300243087,-1,,0.0,16,1.32,True,0.0,8.26,21.331,0.17775832,True,M,1,True,False,False,False,work1,False,False,1,1,0,8,1,0,0,0,1,0,0,1
1476140,727854,61,2,6,0,2,0,0,2,0,0,1,244,0,7,3,3,4,2,False,True,True,False,True,False,False,False,False,False,False,True,False,False,False,False,False,False,False,0,False,7,10.374243300243087,-1,,0.0,-1,,False,,0.0,0.0,0.0,False,N,2,True,False,False,False,,False,False,0,0,0,16,1,0,0,1,0,0,0,1
1572659,763879,60,1,6,0,1,0,0,1,24,37,6,501,35000,7,3,3,4,2,False,True,True,True,False,False,False,False,False,False,False,False,False,False,False,False,False,False,False,0,False,6,10.449019648473794,-1,,0.0,-1,,False,,0.0,0.0,0.0,False,N,1,True,False,False,False,,False,False,0,0,0,16,1,0,0,1,0,0,0,1
1572930,764150,52,1,6,0,1,0,0,1,52,40,6,400,34000,7,3,3,4,2,False,True,True,True,False,False,False,False,False,False,False,False,False,False,False,False,False,False,False,0,False,9,7.593970066915795,-1,,0.0,-1,,False,,0.0,0.0,0.0,False,N,1,True,False,False,False,,False,False,0,0,0,24,2,0,0,1,1,0,0,2
1631617,822837,57,1,1,0,1,0,0,1,52,65,4,501,44000,7,1,3,1,2,False,True,True,True,False,False,False,False,False,False,False,False,False,False,False,False,False,False,False,0,True,9,18.245377356110286,-1,,0.0,24,1.67,True,0.0,11.389999,27.812798,0.23177332,False,M,1,True,False,False,False,work1,False,False,1,1,0,0,0,0,0,0,0,0,0,0
1632206,823426,31,1,1,0,1,0,0,1,52,50,6,501,50000,5,1,3,1,2,False,True,True,True,False,False,False,False,False,False,False,False,False,False,False,False,False,False,False,0,True,11,12.952762239760721,-1,,0.0,9,0.65,True,0.0,4.41,16.584599,0.13820499,False,H,1,False,False,False,False,,False,False,0,0,0,0,0,0,0,0,0,0,0,0
1632248,823468,40,1,1,0,1,0,0,1,52,35,6,375,24500,6,1,3,1,2,False,True,True,True,False,False,False,False,False,False,False,False,False,False,False,False,False,False,False,0,True,11,14.830184023511192,-1,,0.0,15,1.12,True,0.0,8.719999,19.917603,0.16598003,False,M,1,True,False,False,False,work1,False,False,1,1,0,0,0,0,0,0,0,0,0,0
1632281,823501,36,1,1,0,1,0,0,1,48,40,4,347,30000,6,1,3,1,2,False,True,True,True,False,False,False,False,False,False,False,False,False,False,False,False,False,False,False,0,True,12,4.360890352038947,-1,,0.0,2,0.56,True,0.0,3.9099998,16.969,0.14140834,False,M,1,True,False,False,False,work1,False,False,1,1,0,0,0,0,0,0,0,0,0,0
1632987,824207,29,1,1,0,1,0,0,1,8,50,6,501,51000,5,2,3,2,2,False,True,True,True,False,False,False,False,False,False,False,False,False,False,False,False,False,False,False,0,True,18,17.13534609189038,-1,,0.0,4,1.26,True,0.0,7.3900003,22.4473,0.18706083,False,M,1,True,False,False,False,work1,False,False,1,1,0,0,0,0,0,0,0,0,0,0
1633149,824369,34,1,1,0,1,0,0,2,51,70,4,462,40000,5,1,3,1,2,False,True,True,False,True,False,False,False,False,False,False,False,False,False,False,False,False,False,False,0,True,21,6.089440987134629,-1,,0.0,1,1.13,True,0.0,7.27,23.101501,0.19251251,False,N,1,True,False,False,False,,False,False,0,0,0,4,1,0,1,0,0,0,0,1
1633214,824434,59,1,1,0,1,0,0,1,52,40,6,501,56000,7,1,3,1,2,False,True,True,True,False,False,False,False,False,False,False,False,False,False,False,False,False,False,False,0,True,22,7.5773688851185845,-1,,0.0,4,0.66,True,0.0,4.27,18.2806,0.15233833,False,N,1,True,False,False,False,,False,False,0,0,0,24,3,0,0,2,1,0,0,3
1774265,932147,24,1,6,7,1,0,0,2,24,45,1,430,17500,4,3,2,3,2,False,True,True,False,True,False,False,False,False,False,True,False,False,False,False,True,False,False,True,3,False,7,3.730317599967898,12,0.77,4.81,-1,,False,,0.0,0.0,0.0,False,M,2,True,False,False,False,school1,False,False,1,0,0,0,0,0,0,0,0,0,0,0
1774266,932147,25,2,1,7,2,0,0,1,40,40,1,430,30400,5,1,3,1,2,False,True,True,True,False,False,False,False,False,False,False,False,True,False,True,False,False,False,False,0,True,7,3.730317599967898,-1,,0.0,14,1.1,True,0.0,7.0299997,14.497102,0.12080918,False,M,1,True,False,False,False,work1,False,False,1,1,0,2,2,0,0,0,0,0,2,2
1875721,982875,25,1,1,0,1,0,0,1,40,80,6,81,7000,5,1,3,1,2,False,True,True,True,False,False,False,False,False,False,False,True,True,False,False,False,False,False,False,0,True,16,6.021274002645185,-1,,0.0,16,0.17,True,0.0,1.06,5.74,0.04783333,False,M,1,True,False,False,False,work1,False,False,1,1,0,0,0,0,0,0,0,0,0,0
1875722,982875,25,19,1,6,2,0,0,2,46,30,6,276,23900,5,2,2,3,2,False,True,True,False,True,False,False,False,False,False,True,False,False,True,False,True,False,False,True,3,True,16,6.021274002645185,13,0.46,2.99,17,0.55,True,1.0,3.84,19.759998,0.16466665,False,N,2,True,False,False,False,,False,False,0,0,0,4,1,0,1,0,0,0,0,1
1876067,983048,22,1,1,0,1,0,0,1,52,60,6,501,50000,4,1,3,1,2,False,True,True,True,False,False,False,False,False,False,False,True,True,False,False,False,False,False,False,0,True,17,5.517664922628381,-1,,0.0,5,1.16,True,0.0,7.55,30.1221,0.2510175,False,M,1,True,False,False,False,work1,False,False,1,1,0,0,0,0,0,0,0,0,0,0
1876068,983048,22,18,1,6,2,0,0,1,50,25,6,104,9000,4,2,2,3,2,False,True,True,True,False,False,False,False,False,False,True,False,False,True,False,True,False,False,True,3,True,17,5.517664922628381,12,0.89,6.58,1,0.99,True,0.0,6.07,31.5388,0.2628233,False,M,2,True,False,False,False,work_and_school,True,True,2,1,0,0,0,0,0,0,0,0,0,0
1958677,1024353,40,1,6,0,1,0,0,2,32,50,2,501,22000,6,3,3,4,2,False,True,True,False,True,False,False,True,False,False,False,False,False,False,False,False,False,False,False,0,False,9,4.196193892147943,-1,,0.0,-1,,False,,0.0,0.0,0.0,False,N,2,True,False,False,False,,False,False,0,0,0,2,1,0,0,0,0,0,1,1
1958678,1024353,4,3,0,0,2,0,0,1,0,0,0,501,0,0,4,1,8,2,False,False,False,True,False,True,False,False,False,False,False,False,False,False,False,True,True,False,False,1,False,9,2.7988613260626782,9,0.17,1.08,-1,,False,,0.0,0.0,0.0,False,M,1,True,False,False,False,school1,False,False,1,0,0,0,0,0,0,0,0,0,0,0
2159057,1099626,35,1,1,0,1,0,0,1,52,40,1,434,38000,6,1,3,1,2,False,True,True,True,False,False,False,True,False,False,False,False,True,False,False,False,False,False,False,0,True,20,10.708809147889093,-1,,0.0,21,0.58,True,1.0,3.8000002,23.1492,0.19291,False,M,1,True,False,False,False,work1,False,False,1,1,0,0,0,0,0,0,0,0,0,0
2159058,1099626,36,2,6,6,2,0,0,2,40,40,1,434,20000,6,3,2,3,2,False,True,True,False,True,False,False,True,False,False,True,False,False,False,False,True,False,False,True,3,False,20,10.708809147889093,10,0.47,2.6999998,-1,,False,,0.0,0.0,0.0,False,M,3,True,False,False,False,school1,False,False,1,0,0,0,0,0,0,0,0,0,0,0
2159059,1099626,3,3,0,1,3,0,0,1,0,0,0,434,0,0,4,1,8,2,False,False,False,True,False,False,False,False,False,False,True,False,True,False,False,True,True,False,False,1,False,20,7.142775701642026,10,0.47,2.6999998,-1,,False,,0.0,0.0,0.0,False,M,2,True,False,False,False,school1,False,False,1,0,0,0,0,0,0,0,0,0,0,0
2219996,1119939,34,1,1,0,1,0,0,1,40,40,1,336,20000,5,1,3,1,2,False,True,True,True,False,False,False,False,False,True,True,False,False,False,False,False,False,False,False,0,True,16,13.77235451112827,-1,,0.0,1,0.51,True,0.0,3.73,17.6825,0.14735417,False,M,2,True,False,False,False,work1,False,False,1,1,0,0,0,0,0,0,0,0,0,0
2219997,1119939,31,2,1,6,2,0,0,2,52,40,1,336,25000,5,1,3,1,2,False,True,True,False,True,False,False,False,False,True,True,False,False,False,True,False,False,False,False,0,True,16,13.77235451112827,-1,,0.0,15,0.47,True,0.0,3.3899999,16.379402,0.13649502,False,M,1,True,False,False,False,work1,False,False,1,1,0,0,0,0,0,0,0,0,0,0
2219998,1119939,11,5,0,4,3,0,0,1,0,0,0,336,0,1,4,1,7,2,False,False,False,True,False,False,False,False,False,False,True,False,False,False,False,True,True,False,False,1,False,16,9.186160458922556,18,1.07,6.99,-1,,False,,0.0,0.0,0.0,False,M,3,True,False,False,False,school1,False,False,1,0,0,1,1,0,0,0,0,1,0,1
2458500,1173905,40,1,3,0,1,0,0,1,48,37,1,267,27000,6,3,3,4,2,False,True,True,True,False,True,False,False,False,True,False,False,False,False,False,False,False,False,False,0,False,8,2.9767301704144296,-1,,0.0,-1,,False,,0.0,0.0,0.0,False,N,3,True,False,False,False,,False,False,0,0,0,8,1,0,0,0,1,0,0,1
2458501,1173905,42,2,6,0,2,0,0,2,48,37,1,267,18000,6,3,3,4,2,False,True,True,False,True,True,False,False,False,True,False,False,False,False,False,False,False,False,False,0,False,8,2.9767301704144296,-1,,0.0,-1,,False,,0.0,0.0,0.0,False,N,4,True,False,False,False,,False,False,0,0,0,32,1,1,0,0,0,0,0,0
2458502,1173905,12,3,0,4,3,0,0,2,0,0,0,267,0,2,4,1,7,2,False,False,False,False,True,True,False,False,False,True,False,False,False,False,False,True,True,False,False,1,False,8,1.9854790236664246,8,0.12,0.78,-1,,False,,0.0,0.0,0.0,False,M,2,True,False,False,False,school1,False,False,1,0,1,0,0,0,0,1,0,0,0,0
2458503,1173905,9,3,0,3,4,0,0,1,0,0,0,267,0,1,4,1,7,2,False,False,False,True,False,True,False,False,False,True,False,False,False,False,False,True,True,False,False,1,False,8,1.9854790236664246,9,0.53,3.33,-1,,False,,0.0,0.0,0.0,False,M,1,True,False,False,False,school1,False,False,1,0,1,0,0,0,0,0,0,0,0,0
2566698,1196298,36,1,1,0,1,0,0,1,50,40,1,158,25000,6,1,3,1,2,False,True,True,True,False,True,False,True,False,True,False,False,False,False,False,False,False,False,False,0,True,25,12.074894163110672,-1,,0.0,22,0.68,True,0.0,5.05,17.6517,0.1470975,False,M,1,True,False,False,False,work1,False,False,1,1,0,0,0,0,0,0,0,0,0,0
2566699,1196298,29,2,6,0,2,0,0,2,13,40,1,158,6200,5,3,3,4,2,False,True,True,False,True,False,False,True,False,True,True,False,False,False,False,False,False,False,False,0,False,25,12.074894163110672,-1,,0.0,-1,,False,,0.0,0.0,0.0,False,H,5,False,False,False,False,,False,False,0,0,0,0,0,0,0,0,0,0,0,0
2566700,1196298,8,3,0,3,3,0,0,1,0,0,0,158,0,1,4,1,7,2,False,False,False,True,False,True,False,True,False,False,True,False,False,False,False,True,True,False,False,1,False,25,8.05395440679482,21,1.22,9.110001,-1,,False,,0.0,0.0,0.0,False,M,4,True,False,False,False,school1,False,False,1,0,0,0,0,0,0,0,0,0,0,0
2566701,1196298,4,3,0,2,4,0,0,2,0,0,0,158,0,0,4,1,8,2,False,False,False,False,True,True,False,True,False,True,True,False,False,False,False,True,True,False,False,1,False,25,8.05395440679482,25,0.13,0.86,-1,,False,,0.0,0.0,0.0,False,M,3,True,False,False,False,school1,False,False,1,0,0,0,0,0,0,0,0,0,0,0
2566702,1196298,2,3,0,0,5,0,0,1,0,0,0,158,0,0,4,1,8,2,False,False,False,True,False,True,False,True,False,True,True,False,False,False,False,True,True,False,False,1,False,25,8.05395440679482,16,1.19,8.26,-1,,False,,0.0,0.0,0.0,False,M,2,True,False,False,False,school1,False,False,1,0,0,0,0,0,0,0,0,0,0,0
2877282,1259353,45,1,1,0,1,0,0,1,49,40,1,184,14000,6,1,3,1,2,False,True,True,True,False,False,False,False,True,True,False,True,True,False,False,False,False,False,False,0,True,10,8.272377137502875,-1,,0.0,16,1.6,True,0.0,9.91,30.3414,0.252845,False,H,2,False,False,False,False,,False,False,0,0,0,0,0,0,0,0,0,0,0,0
2877283,1259353,43,2,1,0,2,0,0,2,52,7,1,184,11000,6,2,3,2,2,False,True,True,False,True,False,False,False,True,True,True,True,True,False,False,False,False,False,False,0,True,10,8.272377137502875,-1,,0.0,15,1.61,True,0.0,11.9,21.718199,0.18098499,False,H,1,False,False,False,False,,False,False,0,0,0,0,0,0,0,0,0,0,0,0
2877284,1259353,20,3,1,6,3,0,0,1,16,25,6,184,6000,4,2,2,3,1,False,True,True,True,False,False,False,False,True,True,True,True,False,True,False,True,False,False,True,3,True,10,8.272377137502875,10,0.21,1.3,11,0.49,True,0.0,4.61,14.99,0.124916665,False,M,6,True,False,False,False,work_and_school,True,True,2,1,0,0,0,0,0,0,0,0,0,0
2877285,1259353,18,3,1,5,4,0,0,1,40,30,6,184,12000,4,2,1,6,1,True,True,True,True,False,False,False,False,True,True,True,True,True,True,False,True,False,True,False,2,True,10,8.272377137502875,9,0.49,2.79,1,1.57,True,0.0,10.940001,18.8746,0.15728833,False,H,5,False,False,False,False,,False,False,0,0,0,0,0,0,0,0,0,0,0,0
2877286,1259353,16,3,6,5,5,0,0,1,0,0,6,184,0,3,3,1,6,2,True,True,False,True,False,False,False,False,True,True,True,True,True,False,False,True,False,True,False,2,False,10,5.517675550714419,13,1.2,9.72,-1,,False,,0.0,0.0,0.0,False,H,4,False,False,False,False,,False,False,0,0,0,0,0,0,0,0,0,0,0,0
2877287,1259353,12,3,0,4,6,0,0,2,0,0,0,184,0,2,4,1,7,2,False,False,False,False,True,False,False,False,True,False,True,True,True,False,False,True,True,False,False,1,False,10,5.517675550714419,20,0.42,2.6999998,-1,,False,,0.0,0.0,0.0,False,M,3,True,False,False,False,school1,False,False,1,0,0,0,0,0,0,0,0,0,0,0
2936497,1286206,71,1,6,0,1,0,0,2,0,0,3,414,0,8,3,3,5,2,False,True,True,False,True,False,False,False,False,False,False,False,False,False,False,False,False,False,False,0,False,7,3.6536488008698043,-1,,0.0,-1,,False,,0.0,0.0,0.0,False,H,1,False,False,False,False,,False,False,0,0,0,0,0,0,0,0,0,0,0,0
2936550,1286259,67,1,6,0,1,0,0,2,0,0,6,432,0,8,3,3,5,2,False,True,True,False,True,False,False,False,False,False,False,False,False,False,False,False,False,False,False,0,False,8,11.48239030277669,-1,,0.0,-1,,False,,0.0,0.0,0.0,False,N,1,True,False,False,False,,False,False,0,0,0,17,2,0,0,1,0,1,0,2
2936845,1286554,68,1,6,0,1,0,0,1,0,0,4,501,0,8,3,3,5,2,False,True,True,True,False,False,False,False,False,False,False,False,False,False,False,False,False,False,False,0,False,11,13.054555798482975,-1,,0.0,-1,,False,,0.0,0.0,0.0,False,N,1,True,False,False,False,,False,False,0,0,0,16,2,0,0,2,0,0,0,2
2936848,1286557,67,1,6,0,1,0,0,1,0,0,3,376,0,8,3,3,5,2,False,True,True,True,False,False,False,False,False,False,False,False,False,False,False,False,False,False,False,0,False,11,3.6040501851984663,-1,,0.0,-1,,False,,0.0,0.0,0.0,False,N,1,True,False,False,False,,False,False,0,0,0,5,2,0,1,0,0,1,0,2
2957186,1306895,70,1,1,0,1,0,0,1,37,40,4,501,34200,8,1,3,1,2,False,True,True,True,False,False,False,False,False,False,False,False,False,False,False,False,False,False,False,0,True,7,1.0,-1,,0.0,1,1.02,True,0.0,6.49,15.222799,0.12685665,False,M,1,True,False,False,False,work1,False,False,1,1,0,0,0,0,0,0,0,0,0,0
3061894,1363467,68,1,6,0,1,0,0,1,0,0,6,501,0,8,3,3,5,2,False,True,True,True,False,False,False,False,False,False,False,True,False,False,False,False,False,False,False,0,False,24,10.4823297442415,-1,,0.0,-1,,False,,0.0,0.0,0.0,False,N,2,True,False,False,False,,False,False,0,0,0,16,1,0,0,1,0,0,0,1
3061895,1363467,63,6,1,0,2,0,0,2,12,30,6,501,4000,7,2,3,2,2,False,True,True,False,True,False,True,False,False,False,False,False,False,False,False,False,False,False,False,0,True,24,10.4823297442415,-1,,0.0,22,0.62,True,0.0,2.92,15.879999,0.13233332,False,M,1,True,False,False,False,work1,False,False,1,1,0,1,1,0,0,0,0,1,0,1
3188482,1402945,66,1,1,0,1,0,0,1,52,24,1,217,8500,8,2,3,2,2,False,True,True,True,False,False,False,False,False,False,False,True,True,False,False,False,False,False,False,0,True,25,10.32100270756728,-1,,0.0,13,0.91,True,0.0,7.08,26.437502,0.22031252,False,M,2,True,False,False,False,work1,False,False,1,1,0,1,1,0,0,0,0,1,0,1
3188483,1402945,48,2,1,0,2,0,0,2,50,25,1,217,6900,6,2,3,2,2,False,True,True,False,True,False,False,False,False,False,False,True,True,False,False,False,False,False,False,0,True,25,10.32100270756728,-1,,0.0,1,0.73,True,0.0,5.21,17.4917,0.14576416,False,M,1,True,False,False,False,work1,False,False,1,1,1,0,0,0,0,0,0,1,0,0
3188484,1402945,22,3,1,6,3,0,0,2,50,30,6,217,3500,4,2,2,3,1,False,True,True,False,True,False,False,False,False,False,False,True,True,True,False,True,False,False,True,3,True,25,10.32100270756728,12,0.91,6.1099997,15,0.99,True,0.0,6.7799997,25.9925,0.21660417,False,M,4,True,False,False,False,work_and_school,True,True,2,1,1,0,0,0,0,0,0,0,0,0
3188485,1402945,19,3,1,6,4,0,0,2,50,20,6,217,12000,4,2,2,3,1,True,True,True,False,True,False,False,False,False,False,False,True,True,True,False,True,False,False,True,3,True,25,10.32100270756728,12,0.91,6.1099997,7,0.86,True,0.0,6.54,17.365799,0.144715,False,M,3,True,False,False,False,work1,False,False,1,1,1,0,0,0,0,0,0,0,0,0
3232955,1444715,42,1,1,0,1,0,0,1,25,40,5,501,60000,6,2,3,2,2,False,True,True,True,False,False,False,False,False,False,False,False,False,False,False,False,False,False,False,0,True,14,4.0074881716523025,-1,,0.0,16,0.47,True,0.0,2.54,13.46,0.112166665,False,H,1,False,False,False,False,,False,False,0,0,0,0,0,0,0,0,0,0,0,0
3233462,1445222,43,1,1,0,1,0,0,2,47,50,6,501,68000,6,1,3,1,2,False,True,True,False,True,False,False,False,False,False,False,False,False,False,False,False,False,False,False,0,True,17,7.595766438703255,-1,,0.0,1,0.99,True,0.0,6.07,31.5388,0.2628233,False,M,1,True,False,False,False,work1,False,False,1,1,0,20,3,0,1,2,0,0,0,3
3328454,1511177,61,1,1,0,1,0,0,1,52,40,1,501,65000,7,1,3,1,2,False,True,True,True,False,True,False,False,False,False,False,False,False,False,False,False,False,False,False,0,True,8,20.71852151097765,-1,,0.0,4,0.8,True,0.0,5.63,14.648101,0.1220675,True,M,1,True,False,False,False,work1,False,False,1,1,0,0,0,0,0,0,0,0,0,0
3328455,1511177,64,2,6,0,2,0,0,2,0,0,1,501,0,7,3,3,4,2,False,True,True,False,True,False,False,False,False,False,True,False,False,False,False,False,False,False,False,0,False,8,20.71852151097765,-1,,0.0,-1,,False,,0.0,0.0,0.0,False,H,2,False,False,False,False,,False,False,0,0,0,0,0,0,0,0,0,0,0,0
3328568,1511234,53,1,1,0,1,0,0,2,52,40,1,501,70000,7,1,3,1,2,False,True,True,False,True,False,False,False,False,False,False,False,True,False,False,False,False,False,False,0,True,8,4.2960940332239455,-1,,0.0,1,1.05,True,0.0,7.6400003,17.013203,0.1417767,False,M,1,True,False,False,False,work1,False,False,1,1,0,0,0,0,0,0,0,0,0,0
3328569,1511234,61,2,6,6,2,0,0,1,0,0,1,501,0,7,3,2,3,2,False,True,True,True,False,False,False,False,False,False,True,False,False,False,False,True,False,False,True,3,False,8,4.2960940332239455,13,0.91,6.96,-1,,False,,0.0,0.0,0.0,False,N,2,True,False,False,False,,False,False,0,0,0,20,2,0,1,1,0,0,0,2
3494722,1594311,31,1,1,0,1,0,0,1,51,40,1,501,42000,5,1,3,1,2,False,True,True,True,False,False,False,False,False,False,False,True,False,False,False,False,False,False,False,0,True,6,5.40519240111767,-1,,0.0,5,0.44,True,0.0,3.1999998,16.681202,0.13901001,False,N,2,True,False,False,False,,False,False,0,0,0,16,1,0,0,1,0,0,0,1
3494723,1594311,25,2,1,0,2,0,0,2,46,30,1,501,27000,5,2,3,2,2,False,True,True,False,True,False,False,False,False,False,True,False,False,False,False,False,False,False,False,0,True,6,5.40519240111767,-1,,0.0,17,1.53,True,1.0,10.129999,34.1949,0.2849575,False,N,1,True,False,False,False,,False,False,0,0,0,9,2,0,0,0,1,1,0,2
3495080,1594490,39,1,1,0,1,0,0,1,52,45,1,501,35000,6,1,3,1,2,False,True,True,True,False,False,False,False,False,False,True,False,False,False,False,False,False,False,False,0,True,9,19.348818756084466,-1,,0.0,2,1.43,True,0.0,9.68,21.235199,0.17695999,False,M,1,True,False,False,False,work2,False,False,2,2,0,0,0,0,0,0,0,0,0,0
3495081,1594490,41,2,1,0,2,0,0,2,52,45,1,501,30000,6,1,3,1,2,False,True,True,False,True,False,False,False,False,False,True,False,False,False,False,False,False,False,False,0,True,9,19.348818756084466,-1,,0.0,2,1.43,True,0.0,9.68,21.235199,0.17695999,False,M,2,True,False,False,False,work1,False,False,1,1,0,0,0,0,0,0,0,0,0,0
3495342,1594621,31,1,1,0,1,0,0,1,51,40,1,501,42000,5,1,3,1,2,False,True,True,True,False,False,False,False,False,False,False,True,False,False,False,False,False,False,False,0,True,10,17.6624037989451,-1,,0.0,2,1.51,True,0.0,10.46,21.340801,0.17784001,False,M,2,True,False,False,False,work1,False,False,1,1,0,1,1,0,0,0,0,1,0,1
3495343,1594621,25,2,1,0,2,0,0,2,46,30,1,501,27000,5,2,3,2,2,False,True,True,False,True,False,False,False,False,False,True,False,False,False,False,False,False,False,False,0,True,10,17.6624037989451,-1,,0.0,4,1.32,True,0.0,8.940001,15.6978,0.130815,False,M,1,True,False,False,False,work1,False,False,1,1,0,0,0,0,0,0,0,0,0,0
3596364,1645132,56,1,6,6,1,0,0,2,52,47,3,501,47700,7,3,2,3,2,False,True,True,False,True,False,False,False,False,True,False,False,False,False,False,True,False,False,True,3,False,9,11.518178930487295,9,0.17,1.08,-1,,False,,0.0,0.0,0.0,False,N,2,True,False,False,False,,False,False,0,0,0,20,2,0,1,1,0,0,0,2
3596365,1645132,13,3,0,4,2,0,0,2,0,0,0,501,0,2,4,1,7,2,False,False,False,False,True,False,False,False,False,False,False,False,True,False,False,True,True,False,False,1,False,9,7.682625346635026,10,0.33,2.79,-1,,False,,0.0,0.0,0.0,False,N,1,True,True,False,False,,False,False,0,0,0,2,1,0,0,0,0,0,1,1
3891102,1747467,36,1,1,0,1,0,0,2,52,72,1,501,1000,6,1,3,1,2,False,True,True,False,True,False,False,False,False,True,False,True,False,False,False,False,False,False,False,0,True,16,15.5812014089547,-1,,0.0,16,0.17,True,0.0,1.06,5.74,0.04783333,False,M,1,True,False,False,False,work1,False,False,1,1,0,0,0,0,0,0,0,0,0,0
3891103,1747467,67,2,1,0,2,0,0,1,52,28,1,501,75000,8,2,3,2,2,False,True,True,True,False,False,False,False,False,True,True,False,False,False,False,False,False,False,False,0,True,16,15.5812014089547,-1,,0.0,9,1.77,True,0.0,10.860001,29.847797,0.24873164,False,N,2,True,False,False,False,,False,False,0,0,0,16,1,0,0,1,0,0,0,1
3891104,1747467,8,3,0,3,3,0,0,1,0,0,0,501,0,1,4,1,7,2,False,False,False,True,False,False,False,False,False,False,True,True,False,False,False,True,True,False,False,1,False,16,10.392661339772785,8,1.39,9.309999,-1,,False,,0.0,0.0,0.0,False,M,3,True,False,False,False,school1,False,False,1,0,0,1,2,0,0,0,0,2,0,2
4171615,1810015,29,1,6,6,1,0,0,1,52,48,5,360,36000,5,3,2,3,2,False,True,True,True,False,True,False,True,True,False,True,True,False,False,False,True,False,False,True,3,False,16,3.705326363656352,13,0.46,2.99,-1,,False,,0.0,0.0,0.0,False,M,6,True,False,False,False,school1,False,False,1,0,0,0,0,0,0,0,0,0,0,0
4171616,1810015,20,6,6,0,2,0,0,1,0,0,6,360,0,4,3,3,4,1,False,True,True,True,False,True,False,True,True,False,True,True,True,False,False,False,False,False,False,0,False,16,3.705326363656352,-1,,0.0,-1,,False,,0.0,0.0,0.0,False,N,8,True,False,False,False,,False,False,0,0,0,8,1,0,0,0,1,0,0,1
4171617,1810015,27,6,1,0,3,0,0,1,35,40,6,360,30000,5,1,3,1,2,False,True,True,True,False,True,False,True,True,False,True,True,True,False,False,False,False,False,False,0,True,16,3.705326363656352,-1,,0.0,2,0.66,True,0.0,5.0699997,20.4971,0.17080918,False,M,1,True,False,False,False,work1,False,False,1,1,0,0,0,0,0,0,0,0,0,0
4171618,1810015,24,6,1,0,4,0,0,1,25,40,6,360,20000,4,2,3,2,1,False,True,True,True,False,True,False,True,True,False,True,True,True,False,False,False,False,False,False,0,True,16,3.705326363656352,-1,,0.0,23,1.21,True,1.0,8.01,38.2134,0.31844503,False,H,5,False,False,False,False,,False,False,0,0,0,0,0,0,0,0,0,0,0,0
4171619,1810015,58,7,6,0,5,0,0,2,0,0,3,360,0,7,3,3,4,2,False,True,True,False,True,True,False,True,True,False,True,True,True,False,False,False,False,False,False,0,False,16,3.705326363656352,-1,,0.0,-1,,False,,0.0,0.0,0.0,False,N,9,True,False,False,False,,False,False,0,0,0,16,1,0,0,1,0,0,0,1
4171620,1810015,3,13,0,0,6,0,0,2,0,0,0,360,0,0,4,1,8,2,False,False,False,False,True,True,False,False,True,False,True,True,True,False,False,True,True,False,False,1,False,16,2.4714526845587867,11,1.13,6.85,-1,,False,,0.0,0.0,0.0,False,M,3,True,False,False,False,school1,False,False,1,0,0,0,0,0,0,0,0,0,0,0
4171621,1810015,19,18,1,5,7,0,1,2,12,16,6,20,1700,4,2,1,6,1,True,True,True,False,True,True,False,True,False,False,True,True,True,True,False,True,False,True,False,2,True,16,3.705326363656352,9,1.77,10.860001,16,0.17,True,0.0,1.06,5.74,0.04783333,False,H,4,False,False,False,False,,False,False,0,0,0,0,0,0,0,0,0,0,0,0
4171622,1810015,31,17,6,0,8,0,1,2,0,0,6,1,0,5,3,3,4,2,False,True,True,False,True,True,False,True,True,False,True,True,True,False,False,False,False,False,False,0,False,16,3.705326363656352,-1,,0.0,-1,,False,,0.0,0.0,0.0,False,N,7,True,False,False,False,,False,False,0,0,0,16,1,0,0,1,0,0,0,1
4171623,1810015,36,21,1,0,9,0,1,2,46,35,6,139,12000,6,1,3,1,2,False,True,True,False,True,True,False,True,True,False,True,True,True,False,False,False,False,False,False,0,True,16,3.705326363656352,-1,,0.0,12,0.67,True,0.0,4.65,17.645102,0.14704251,False,M,2,True,False,False,False,work1,False,False,1,1,0,0,0,0,0,0,0,0,0,0
4823797,1952792,74,1,1,0,1,0,0,1,8,40,6,501,24200,8,2,3,2,2,False,True,True,True,False,False,False,False,False,False,False,False,False,False,False,False,False,False,False,0,True,14,2.5980714149446418,-1,,0.0,14,0.11,True,0.0,0.76,3.64,0.030333335,False,M,1,True,False,False,False,work1,False,False,1,1,0,8,1,0,0,0,1,0,0,1
5057160,2048204,40,1,1,0,1,0,0,1,52,50,4,501,251000,6,1,3,1,2,False,True,True,True,False,False,False,False,False,False,False,False,False,False,False,False,False,False,False,0,True,5,6.218529751813423,-1,,0.0,4,0.4,True,0.0,2.45,10.13,0.084416665,False,M,1,True,False,False,False,work1,False,False,1,1,0,0,0,0,0,0,0,0,0,0
5057338,2048382,33,1,1,0,1,0,0,1,50,50,4,501,195000,5,1,3,1,2,False,True,True,True,False,False,False,False,False,False,False,False,False,False,False,False,False,False,False,0,True,7,8.219354788406312,-1,,0.0,6,0.29,True,0.0,1.99,10.61,0.088416666,False,M,1,True,False,False,False,work1,False,False,1,1,0,30,4,0,1,1,1,0,1,4
5057765,2048809,35,1,1,0,1,0,0,1,52,50,6,501,145000,6,1,3,1,2,False,True,True,True,False,False,False,False,False,False,False,False,False,False,False,False,False,False,False,0,True,11,9.983387830403386,-1,,0.0,9,0.65,True,0.0,4.41,16.584599,0.13820499,False,M,1,True,False,False,False,work1,False,False,1,1,0,0,0,0,0,0,0,0,0,0
5058585,2049629,31,1,1,0,1,0,0,2,52,40,6,501,101000,5,1,3,1,2,False,True,True,False,True,False,False,False,False,False,False,False,False,False,False,False,False,False,False,0,True,21,5.366633787619218,-1,,0.0,12,0.57,True,0.0,4.13,15.3782,0.12815167,False,H,1,False,False,False,False,,False,False,0,0,0,0,0,0,0,0,0,0,0,0
5386806,2222549,22,1,1,6,1,0,0,1,52,40,6,501,96000,4,1,3,1,2,False,True,True,True,False,False,False,False,False,False,False,True,True,False,True,False,False,False,False,0,True,7,1.170545707447083,-1,,0.0,10,0.94,True,0.0,6.42,18.980398,0.15816998,True,M,1,True,False,False,False,work1,False,False,1,1,0,0,0,0,0,0,0,0,0,0
5386807,2222549,20,18,1,6,2,0,0,1,50,30,6,191,16500,4,2,2,3,2,False,True,True,True,False,False,False,False,False,False,True,False,False,True,False,True,False,False,True,3,True,7,1.170545707447083,9,0.86,4.91,7,0.15,True,0.0,0.9,5.1,0.0425,False,N,2,True,False,False,False,,False,False,0,0,0,9,2,0,0,0,1,1,0,2
5387236,2222764,38,1,1,0,1,0,0,1,52,50,1,501,110000,6,1,3,1,2,False,True,True,True,False,False,False,False,False,False,True,False,False,False,False,False,False,False,False,0,True,9,5.252877011468592,-1,,0.0,1,1.49,True,0.0,10.16,19.041199,0.15867665,False,M,2,True,False,False,False,work1,False,False,1,1,0,0,0,0,0,0,0,0,0,0
5387237,2222764,27,2,1,0,2,0,0,2,40,45,1,501,31000,5,1,3,1,2,False,True,True,False,True,False,False,False,False,False,True,False,False,False,False,False,False,False,False,0,True,9,5.252877011468592,-1,,0.0,14,1.55,True,0.0,10.71,20.1446,0.16787167,False,N,1,True,False,False,False,,False,False,0,0,0,4,1,0,1,0,0,0,0,1
5387752,2223022,30,1,1,0,1,0,0,2,52,60,6,485,42000,5,1,3,1,2,False,True,True,False,True,False,False,False,False,False,True,False,False,False,False,False,False,False,False,0,True,9,31.326955490366668,-1,,0.0,16,1.74,True,0.0,10.860001,29.847797,0.24873164,False,N,1,True,False,False,False,,False,False,0,0,0,3,3,0,0,0,0,2,1,3
5387753,2223022,37,19,1,0,2,0,0,1,52,60,6,501,65000,6,1,3,1,2,False,True,True,True,False,False,False,False,False,False,True,False,False,False,False,False,False,False,False,0,True,9,31.326955490366668,-1,,0.0,15,1.75,True,0.0,11.719999,23.522402,0.19602002,False,M,2,True,False,False,False,work1,False,False,1,1,0,0,0,0,0,0,0,0,0,0
5387762,2223027,49,1,1,0,1,0,0,1,48,52,1,501,100000,6,1,3,1,2,False,True,True,True,False,False,False,False,False,False,True,False,False,False,False,False,False,False,False,0,True,9,6.387619611064064,-1,,0.0,4,1.23,True,0.0,8.16,15.9552,0.13296,False,M,2,True,False,False,False,work1,False,False,1,1,0,0,0,0,0,0,0,0,0,0
5387763,2223027,39,2,1,0,2,0,0,2,52,50,1,501,33000,6,1,3,1,2,False,True,True,False,True,False,False,False,False,False,True,False,False,False,False,False,False,False,False,0,True,9,6.387619611064064,-1,,0.0,14,1.55,True,0.0,10.71,20.1446,0.16787167,False,M,1,True,False,False,False,work1,False,False,1,1,0,0,0,0,0,0,0,0,0,0
5389226,2223759,28,1,1,0,1,0,0,2,52,65,1,501,80000,5,1,3,1,2,False,True,True,False,True,False,False,False,False,False,True,False,False,False,False,False,False,False,False,0,True,16,7.408554295817758,-1,,0.0,14,0.33,True,0.0,2.54,13.46,0.112166665,False,M,1,True,False,False,False,work1,False,False,1,1,1,0,0,0,1,0,0,0,0,0
5389227,2223759,29,2,1,0,2,0,0,1,52,60,1,501,60100,5,1,3,1,2,False,True,True,True,False,False,False,False,False,False,True,False,False,False,False,False,False,False,False,0,True,16,7.408554295817758,-1,,0.0,23,1.21,True,1.0,8.01,38.2134,0.31844503,False,M,2,True,False,False,False,work1,False,False,1,1,1,0,0,0,0,0,0,0,0,0
5390966,2224629,27,1,1,0,1,0,0,1,52,50,6,501,325000,5,1,3,1,2,False,True,True,True,False,False,False,False,False,False,True,False,False,False,False,False,False,False,False,0,True,17,5.2919628192742465,-1,,0.0,15,0.87,True,0.0,5.5,28.739998,0.23949999,False,M,2,True,False,False,False,work1,False,False,1,1,0,4,1,0,1,0,0,0,0,1
5390967,2224629,26,18,1,0,2,0,0,1,52,60,6,501,60000,5,1,3,1,2,False,True,True,True,False,False,False,False,False,False,True,False,False,False,False,False,False,False,False,0,True,17,5.2919628192742465,-1,,0.0,9,1.98,True,0.0,10.65,44.415398,0.3701283,False,M,1,True,False,False,False,work1,False,False,1,1,0,0,0,0,0,0,0,0,0,0
7305540,2727273,72,1,1,0,1,0,0,1,36,12,1,501,30000,8,2,3,2,2,False,True,True,True,False,False,False,False,False,False,False,True,False,False,False,False,False,False,False,0,True,20,21.606392235487583,-1,,0.0,14,1.52,True,0.0,9.29,28.1614,0.23467833,False,M,2,True,False,False,False,work1,False,False,1,1,0,1,1,0,0,0,0,1,0,1
7305541,2727273,62,2,1,0,2,0,0,2,52,30,1,501,24000,7,2,3,2,2,False,True,True,False,True,False,False,False,False,False,False,True,False,False,False,False,False,False,False,0,True,20,21.606392235487583,-1,,0.0,13,1.31,True,0.0,8.3,28.043,0.23369166,False,M,1,True,False,False,False,work1,False,False,1,1,0,0,0,0,0,0,0,0,0,0
7453413,2762078,57,23,6,0,1,0,0,1,0,0,2,104,0,7,3,3,4,2,False,True,True,True,False,False,False,False,False,False,False,False,False,False,False,False,False,False,False,0,False,20,6.660210105218662,-1,,0.0,-1,,False,,0.0,0.0,0.0,False,N,1,True,False,False,False,,False,False,0,0,0,16,1,0,0,1,0,0,0,1
7511168,2819833,52,23,1,0,1,0,0,1,52,52,6,243,21000,7,1,3,1,2,False,True,True,True,False,False,False,False,False,False,False,False,False,False,False,False,False,False,False,0,True,6,6.034414161215483,-1,,0.0,6,0.1,True,0.0,0.66,3.34,0.027833333,False,M,1,True,False,False,False,work1,False,False,1,1,0,0,0,0,0,0,0,0,0,0
7511873,2820538,18,23,1,0,1,0,0,1,12,6,2,8,680,4,2,3,2,2,True,True,True,True,False,False,False,False,False,False,False,False,False,False,False,False,False,False,False,0,True,8,2.467783203776223,-1,,0.0,8,0.12,True,0.0,0.78,4.0199995,0.033499997,False,H,1,False,False,False,False,,False,False,0,0,0,0,0,0,0,0,0,0,0,0
7512109,2820774,35,23,1,0,1,0,0,1,0,0,6,1,0,6,1,3,1,2,False,True,True,True,False,False,False,False,False,False,False,False,False,False,False,False,False,False,False,0,True,8,1.8304507502262177,-1,,0.0,13,0.91,True,0.0,6.96,17.718098,0.14765081,False,M,1,True,False,False,False,work1,False,False,1,1,0,0,0,0,0,0,0,0,0,0
7512514,2821179,60,23,1,0,1,0,0,1,8,12,4,87,1500,7,2,3,2,2,False,True,True,True,False,False,False,False,False,False,False,False,False,False,False,False,False,False,False,0,True,8,1.0,-1,,0.0,9,0.53,True,0.0,3.33,14.864599,0.12387166,False,N,1,True,False,False,False,,False,False,0,0,0,22,3,0,1,1,0,0,1,3
7512596,2821261,20,23,2,0,1,0,0,2,52,30,6,112,9700,4,2,3,2,2,False,True,True,False,True,False,False,False,False,False,False,False,False,False,False,False,False,False,False,0,True,8,5.3417581877081455,-1,,0.0,9,0.53,True,0.0,3.33,14.864599,0.12387166,False,M,1,True,False,False,False,work1,False,False,1,1,0,0,0,0,0,0,0,0,0,0
7513075,2821740,22,23,1,6,1,0,0,2,18,15,6,0,2000,4,2,2,3,2,False,True,True,False,True,False,False,False,False,False,False,False,False,True,False,True,False,False,True,3,True,8,5.589159817948638,9,0.53,3.33,4,0.8,True,0.0,5.63,14.648101,0.1220675,False,H,1,False,False,False,False,,False,False,0,0,0,0,0,0,0,0,0,0,0,0
7513432,2822097,39,23,1,0,1,0,0,2,26,30,2,347,15000,6,2,3,2,2,False,True,True,False,True,False,False,False,False,False,False,False,False,False,False,False,False,False,False,0,True,8,10.786630771770398,-1,,0.0,22,1.43,True,0.0,9.67,22.914701,0.19095585,False,M,1,True,False,False,False,work1,False,False,1,1,0,0,0,0,0,0,0,0,0,0
7513546,2822211,21,23,1,0,1,0,0,1,52,25,6,36,3100,4,2,3,2,2,False,True,True,True,False,False,False,False,False,False,False,False,False,False,False,False,False,False,False,0,True,8,8.12753227540645,-1,,0.0,9,0.53,True,0.0,3.33,14.864599,0.12387166,False,M,1,True,False,False,False,work1,False,False,1,1,0,0,0,0,0,0,0,0,0,0
7513554,2822219,18,23,2,6,1,0,0,2,0,0,6,0,0,4,1,3,1,2,True,True,True,False,True,False,False,False,False,False,False,False,False,False,True,False,False,False,False,0,True,8,2.9220038814547133,-1,,0.0,9,0.53,True,0.0,3.33,14.864599,0.12387166,False,M,1,True,False,False,False,work1,False,False,1,1,0,0,0,0,0,0,0,0,0,0
7513565,2822230,19,23,1,6,1,0,0,2,20,15,6,0,5000,4,2,2,3,2,True,True,True,False,True,False,False,False,False,False,False,False,False,True,False,True,False,False,True,3,True,8,7.558195608572484,9,0.53,3.33,7,0.25,True,0.0,2.38,12.82,0.10683333,False,M,1,True,False,False,False,work1,False,False,1,1,0,0,0,0,0,0,0,0,0,0
7523517,2832182,87,23,6,0,1,0,0,2,0,0,3,128,0,9,3,3,5,2,False,True,True,False,True,False,False,False,False,False,False,False,False,False,False,False,False,False,False,0,False,7,3.0402011627479264,-1,,0.0,-1,,False,,0.0,0.0,0.0,False,N,1,True,False,False,False,,False,False,0,0,0,1,1,0,0,0,0,1,0,1
7523648,2832313,78,23,6,0,1,0,0,2,0,0,4,57,0,8,3,3,5,2,False,True,True,False,True,False,False,False,False,False,False,False,False,False,False,False,False,False,False,0,False,10,40.346540425477535,-1,,0.0,-1,,False,,0.0,0.0,0.0,False,N,1,True,False,False,False,,False,False,0,0,0,1,1,0,0,0,0,1,0,1
7523764,2832429,93,23,6,0,1,0,0,2,0,0,2,172,0,9,3,3,5,2,False,True,True,False,True,False,False,False,False,False,False,False,False,False,False,False,False,False,False,0,False,16,7.951880936376377,-1,,0.0,-1,,False,,0.0,0.0,0.0,False,H,1,False,False,False,False,,False,False,0,0,0,0,0,0,0,0,0,0,0,0
7539466,2848131,38,22,6,5,1,0,0,2,0,0,5,0,0,6,3,2,3,2,False,True,True,False,True,False,False,False,False,False,False,False,False,False,False,True,False,False,True,3,False,3,8.676185203794503,13,0.74,5.04,-1,,False,,0.0,0.0,0.0,False,M,1,True,False,False,False,school1,False,False,1,0,0,16,1,0,0,1,0,0,0,1
7539708,2848373,21,22,6,5,1,0,0,1,40,55,6,0,20000,4,3,2,3,2,False,True,True,True,False,False,False,False,False,False,False,False,False,False,False,True,False,False,True,3,False,18,12.964026703751749,12,0.95,6.13,-1,,False,,0.0,0.0,0.0,False,M,1,True,False,False,False,school1,False,False,1,0,0,0,0,0,0,0,0,0,0,0
